amino_acid	templates
CAWDRGGEQFF	23
CASSSAQGGTGELFF	5
CASSGGTSLGEQFF	10
CASSGLTSGQFF	9
CASSHHASTYNEQFF	10
CASTGNTEAFF	9
CASSPTLNEQFF	1
CSARKREAGELFF	1
CSAIWPRGYEQYF	1
CSAPAGTTYNEQFF	5
CASSSSGGASNEQFF	3
CSASRASGGQHETQYF	1
CSARHSNNEQFF	11
CASSPRIQGYNEQFF	2
CSARGSRNYEQYF	1
CSARPQVAQETQYF	3
CSASRGFSNQPQHF	2
CSAMKPGQGASTF	1
CASSQRTGRELFF	15
CASSLVGHQANYGYTF	1
CASKGEGNSPLHF	1
CSARGGTGDPETQYF	1
CSEQSAYNEQFF	1
CASSDRDNNEQFF	4
CASSLAPNPGYNEQFF	2
CSAGGGRGIHYGYTF	1
CSARARGGASYEQYF	1
CSAEGPRKGSTEQYF	1
CSAIGLAGDNEQFF	1
CSASSGTGFHF	1
CASSPASGSVNEQFF	4
CASSSSTGGGGYTF	2
CSATGREGEKLFF	2
CSARLDTQYF	1
CSAADSDGRNQPQHF	1
CSASDSPQGNIQYF	1
CSARGRQAVETYEQYF	1
CASSSRWDREGHEQYF	2
CASSQGANSPLHF	1
CASSFLAPSGRALAYEQYF	1
CASSLAAGVGNEQFF	1
CSARQASYEQYF	1
CSANGLAGDTRTQYF	1
CASSLVELAGYNEQFF	2
CSAPLEGYNEQFF	2
CASSLQDKGTEAFF	1
CASSLVSGRANEQFF	1
CASSLVYKDRLNTEAFF	1
CASSYRPDRSGTEAFF	1
CASSGAQGSEAFF	1
CSAGVGPKLFF	1
CSARDVVDEQFF	1
CSALGLAVDEQFF	1
CSVGGTGRNTEAFF	1
CASTRNRDNYGYTF	7
CSVWGQGTDTQYF	2
CSASYQGYGYTF	2
CASSDVKYNTEAFF	1
CASSLVGSRGNEQFF	1
CASSLVFQREDRNEQFF	1
CASSPGAGHVEEQFF	1
CASSRTVHNEQFF	1
CASSRWDKSSSYNEQFF	1
CASSVRQASSTDTQYF	1
CSVQRLNSPLHF	1
CSARGIDRGSTEAFF	1
CSVKGTGTNEQFF	1
CASSLNTAGEQFF	3
CASSQTDRAGYTF	2
CASSQGLAGGAGRYF	1
CASSLLSENEQFF	1
CASSLEAGDLNTEAFF	1
CASSLRSGGSYEQYF	1
CASSARSDRGLVNEQFF	1
CSVSGSTDTQYF	1
CSASSGIQNNEQFF	1
CSARLAGGPSSYNEQFF	1
CSARRPDRPERYGYTF	1
CSANSDGASGYEQYF	1
CSVSGTENTEAFF	1
CSARGLAGNEQFF	2
CSASGFREAQPQHF	2
CASSLYQGLDQNNEQFF	1
CASSLGYWRQGYNEQFF	1
CASSSAGQNYGYTF	1
CASSSNPGQVLNTIYF	1
CASNGGTSPYEQYF	1
CSALQGNNEQFF	1
CSARLRTSGREQFF	1
CSAAYGGSTDTQYF	1
CSASEGPQYF	1
CSARVAGNSPLHF	1
CSARDHAGGAAEQYF	1
CSANRVLTPQETQYF	1
CSVAVSGGWADTQYF	1
CSVGTGRGEQYF	6
CASSTGTVDTEAFF	2
CASSLGQNSPLHF	2
CASSLGGQREETQYF	2
CASSLGPPFRQDRTDTQYF	2
CASSDWTSGNYEQYF	1
CASSLAGVDTDTQYF	1
CASSLETGDSPLHF	1
CASSSLAGGQETQYF	1
CASSSRGEGGTEAFF	1
CASSPARGDLTDTQYF	1
CASSRGRGLAGVRTDTQYF	1
CASSQGRGLAVQGQFF	1
CSVSQGVPEAFF	1
CSVIKRAGPYNEQFF	1
CSAGQGMVGELFF	1
CSARPMWGEQYF	1
CSARDLRTARTTYNEQFF	1
CSADTDGQINTEAFF	1
CSVGLDGYTF	1
CSVETGYYEQYF	1
CSVRDRASGNTIYF	1
CASSPGSGNTEAFF	4
CASSFRSGASTDTQYF	2
CASSPRRVSDEQFF	1
CAISETGNNQPQHF	1
CASSRVGDAQPQHF	1
CASGYMRKETQYF	1
CASSSPEFAGVGNNEQFF	1
CASSPQVSHQATIYF	1
CASSFGAVNTEAFF	1
CASSLGEDTQYF	1
CASSLTSGSANEQFF	1
CASSLALLETQYF	1
CASSLGSHPFLTYNEQFF	1
CASSLEVSSYEQYF	1
CASSLMVEEQYF	1
CASSLRAVSSYNEQFF	1
CASSSRPIRVWGVYEQYF	1
CASSWTGSTDTQYF	1
CASSRDRVNEQYF	1
CASSAGQGAQGYTF	1
CASRQQDSNEQFF	1
CASRDFRGGAYNEQFF	1
CASRGPGSTPLHF	1
CSALDRTQYF	1
CSAHSTAQQGHQHF	1
CSASRQGLSEQYF	1
CSASRRDHSYEQYF	1
CSARGQGLPESSYEQYF	1
CSARDRVLGTDTQYF	1
CSARSTSEYEQYF	1
CSARVSTDSYEQYF	1
CSARADVGARGNQPQHF	1
CSARKRTSAYNEQFF	1
CSAPKTTSGSANEQFF	1
CSAKGAGGLADTQYF	1
CSARTGGSNQPQHF	1
CSVEPLAWYYYGYTF	1
CSVEQGPQMNTEAFF	1
CSVEVIPYEQYF	1
CSVEDLEGRAFF	1
CASSTPSVRTGQLGEQFF	6
CASSYEGPMNTEAFF	2
CASSPPVGGGQYNEQFF	1
CASGKGLADTGELFF	1
CASTQWGGGNEQFF	1
CASSSYGILDRGTDNEQFF	1
CASSSTEPGQRNQPQHF	1
CASSYSRAFGNYGYTF	1
CASSFEPPYGYTF	1
CASSFTTGRGYNEQFF	1
CASSFSGPYNEQFF	1
CASSFLGEGPYNEQFF	1
CASSLASSVNEQFF	1
CASSLARRQGSDTQYF	1
CASSLAGTWAEAFF	1
CASSLGRGLAGGFNEQFF	1
CASSLDDAGSYNEQFF	1
CASSLEPLAASYNEQFF	1
CASSLEPGLGYTDTQYF	1
CASSLTGRSEQFF	1
CASSLRSSSYNEQFF	1
CASSSQRGDTQYF	1
CASSSSGSLGGEQFF	1
CASSSLLVRTYEQYF	1
CASSYDRVGGYTF	1
CASSLSTRGNTEAFF	1
CASSTVYEQFF	1
CASRGTADEKLFF	1
CASRLGQGYEQYF	1
CASRETVTTGELFF	1
CSVWAATNEQFF	1
CSALAGTLNTEAFF	1
CSAPYGYTF	1
CSAGEGGQPQHF	1
CSADGSGQRPYEQYF	1
CSASEGYNQPQHF	1
CSARFGLAFDEQFF	1
CSARVGGIQGSVSYNSPLHF	1
CSARDRVQGKLFF	1
CSARDGTGPYEQYF	1
CSAPPPAGISYNSPLHF	1
CSAKGLAGIYNEQFF	1
CSVEGLGSGGEQFF	1
CSVSEGETQYF	1
CSVKGQGSTQYF	1
CSASRAGGPDTQYF	1
CASSLSVYSNQPQHF	7
CASSLVADTQYF	2
CASKKGRYNEQFF	2
CSVEDDAYEQYF	2
CASAEQGLNTEAFF	1
CASPPFAGGGVLSEQYF	1
CASTNPGESTDTQYF	1
CASTSGVVYEQYF	1
CASSYSPGPYEQYF	1
CASSYTRTSGVGTQYF	1
CASSLGMGLDEAFF	1
CASSPWRSNQPQHF	1
CASSQPGQVNGNTIYF	1
CASSAGTGREKLFF	1
CASSDYRKSSYNEQFF	1
CASSFRRTWETQYF	1
CASSLPAQGGHEQFF	1
CASSLPFVRNNEQFF	1
CASSLRNNQPQHF	1
CASSLAEERNTGELFF	1
CASSLGTGLGQPQHF	1
CASSLGNRQTRDEQFF	1
CASSLDSLRGPGTEAFF	1
CASSLEGDGQDTQYF	1
CASSLEGEQFF	1
CASSLINSGTGLSEQFF	1
CASSLIVGRGHIF	1
CASSLTNFAVNEQFF	1
CASSSSSHSPLHF	1
CASSSLLGDTARALFF	1
CASSSGTGMGGYTF	1
CASSSTWTTETQYF	1
CASSSSGAAYEQYF	1
CASSPNPHYEQYF	1
CASSRHPTSRAEETQYF	1
CASSHPVRNTEAFF	1
CASSQYASGRNNSPLHF	1
CASSVLAGAKYNEQFF	1
CASSSGQGGTGELFF	1
CSATSTKPPYNEQFF	1
CSARGLAGGEGYEQYF	1
CSARDLAGRVYNEQFF	1
CSGTGTGATYEQYF	1
CSVGVSFRDTQYF	1
CSVERKAYNEQFF	1
CSVEVGGRTIPRTAQFF	1
CASSESGSNQPQHF	6
CASSLHRDEDKAFF	2
CASSLEEGETQYF	2
CASSSTGLGTSTGELFF	2
CSVEGRQGEDYGYTF	2
CAISAGGANNNEQFF	1
CASSTGAYEQYF	1
CASQGLATTGELFF	1
CASGSRGPTDTQYF	1
CASTLQGWGTEAFF	1
CASSLTGSDTQYF	1
CASSYLTSGMNEQFF	1
CASSYAGRNSPLHF	1
CASSPSKQHRQYF	1
CASSILGPTYNEQFF	1
CASSFEGGDETQYF	1
CASSLSAYEQYF	1
CASSLGASGRYNEQFF	1
CASSLLIAGGYNEQFF	1
CASSLVWRSSYNEQFF	1
CASSLAPNSQESEKLFF	1
CASSLAGNEQFF	1
CASSLGRDRGLDEQFF	1
CASSLGASGSPTDTQYF	1
CASSLGATGDYEQYF	1
CASSLGTGPYNEQFF	1
CASSLDYSGTSDTGELFF	1
CASSLEGPNTEAFF	1
CASSLTAGGDNEQFF	1
CASSLNARNNEQFF	1
CASSSGTSGRVQYF	1
CASSSPGGLVNNEQFF	1
CASSSVHGRQETQYF	1
CASSSGQGPSEQYF	1
CASSSGQTWGEQFF	1
CASSSTRGLFEQYF	1
CASSWGAGYNEQFF	1
CASSYQPGQQETQYF	1
CASSLLRDRVTEAFF	1
CASSLESAGGRNEQFF	1
CASSPFLNDNEQFF	1
CASSPVEGGEQFF	1
CASSPSKGLFEQYF	1
CASSPRLAGGPTDETQYF	1
CASSRGRGLTDTQYF	1
CASSQNDLGVSPRSTDTQYF	1
CASSQTVLSGSQHF	1
CASSVTGNSGYTF	1
CASRPRDMELSKHGYTF	1
CASRRRDKKHEELFF	1
CASLRGLANTGELFF	1
CASSDDRGTDTQYF	1
CASSQVENRQPQHF	1
CTPYPTTDTQYF	1
CSLGLAGTETQYF	1
CSASGQGQGYTF	1
CSAGRQGTDTEAFF	1
CSAGQTGPRDEETQYF	1
CSATRPSPNEKLFF	1
CSASFSEGREKLFF	1
CSASGQGSYEQYF	1
CSARGGVETQYF	1
CSARGDRLNQPQHF	1
CSARTQGDTEAFF	1
CSARFPETYEQYF	1
CSARGTSGWGEQYF	1
CSARDSGGRGGISPLHF	1
CSARDPHGGTEAFF	1
CSALGLSNEQFF	1
CSADDRGRQPQHF	1
CSVSDDSLYSYNEQFF	1
CSAGQGDLAGYTF	1
CASSSTFSTDTQYF	5
CASSQEPPGLADSSSYNEQFF	4
CASSLGGNLAGGLITDTQYF	3
CASSLKPGLVNTEAFF	2
CASSLAVSGFTDTQYF	2
CAWKPTGPGNYGYTF	1
CAISVTLLSSYNEQFF	1
CATKLRFEGHNEKLFF	1
CASRDGESAGYTF	1
CASTLDTNTEAFF	1
CASSLRAPVGRYGYTF	1
CASSYLQGSNTEAFF	1
CASSYSLLGVGNYGYTF	1
CASSYRTGGSYNEQFF	1
CASSRGQGNEKLFF	1
CASSHLLAVWGNEQFF	1
CASSDSTGGYNEQFF	1
CASSEVAGGQETQYF	1
CASSEVADTDTQYF	1
CASSFRGTGAKLFF	1
CASSFRDGYSPLHF	1
CASSLQETQYF	1
CASSLEETQYF	1
CASSLRWGHYEQFF	1
CASSLLQELSGNTIYF	1
CASSLSETQYF	1
CASSLYGTSGRNSYEQYF	1
CASSLLASGAQETQYF	1
CASSLPAGGHTGELFF	1
CASSLPGDRGGWADTQYF	1
CASSLVGANTGELFF	1
CASSLVELSYNEQFF	1
CASSLAVLAGVGELFF	1
CASSLAGGPGETQYF	1
CASSLATTLTGNEQFF	1
CASSLARGANSPLHF	1
CASSLGVASSYNEQFF	1
CASSLGSGGFYNEQFF	1
CASSLGGGDTDTQYF	1
CASSLGPDYNSPLHF	1
CASSLGAAQETQYF	1
CASSLGRGSGRAGYNEQFF	1
CASSLERGPGSGYTF	1
CASSLEVANYGYTF	1
CASSLEVDTGYEQYF	1
CASSLEVAGVSNEQFF	1
CASSLSLGIYEQFF	1
CASSLSVAPVDTQYF	1
CASSLSTQPREKLFF	1
CASSSPPGRINEQFF	1
CASSSPKRERAAQYF	1
CASSSGWGEDTQYF	1
CASSSLGLAGGPLRTDTQYF	1
CASSSGTGILGELFF	1
CASSWVGGGQETQYF	1
CASSYRIAGEQETQYF	1
CASSYQETQYF	1
CASSYDHTQYF	1
CASSPEPGGQPQHF	1
CASSPTRLVHDTINYNEQFF	1
CASSPRRQPVYEQYF	1
CASSPDRYQPQHF	1
CASSQGRAWGYTF	1
CASSQDGTGEGETQYF	1
CASSQIAGGREQFF	1
CASSQTSGRGETQYF	1
CASSQVGREPYEQFF	1
CASSVRQGNEQFF	1
CASSARRTGNGGYTF	1
CASSAEFNSPLHF	1
CASSAGSGNEQFF	1
CASSNQSPRGQFF	1
CASSKDYLYEQYF	1
CASRDMGGRLYRRTPLHF	1
CASIYRRLLQRNGASYNEQFF	1
CASSQVTGQGGPNYGYTF	1
CASSQGLGLPYEQYF	1
CSAYSHEQFF	1
CSAPYTGEVNTEAFF	1
CSAIESSGSYNEQFF	1
CSAMSGDQPQHF	1
CSATLYTASSYEQYF	1
CSARDLAIFSHEQYF	1
CSAREGTSGFRSYEQYF	1
CSAYGTSTYEQYF	1
CSARILAGEERYF	1
CSAKTSGRPTVQETQYF	1
CSAERTSGATDTQYF	1
CSVLRDRVTDTQYF	1
CSVDYGYGYTF	1
CSVELGSTNEQFF	1
CSARDGSSYEQYF	1
CATSRVAGTEAFF	2
CASSLASGPSGNTIYF	2
CASSLAPGNQPQHF	2
CASSLGGYEQYF	2
CASSLNRDGTSQFF	2
CASSSTTGSVGEQFF	2
CASRRTGGYEQYF	2
CASRSAYEQYF	2
CAGIGTVDYGYTF	1
CAITSGVVAGNEQFF	1
CAISPGTKYEQYF	1
CATSGLAVQSSYNEQFF	1
CATGSNYGYTF	1
CATSRALAEGRDEQFF	1
CASWKTPHYTEAFF	1
CASMGYDYEQYF	1
CASTLTGTSGTDTQYF	1
CASTHGPGNAYEQYF	1
CASTRGLDEKLFF	1
CASSLVLGATYEQYF	1
CASSLDSPIYF	1
CASSLLRTYEQYF	1
CASSLAPGTEAFF	1
CASSSGTPYTEAFF	1
CASSSTRGQPQHF	1
CASSYSRDRGRWGYTF	1
CASSYSMGSSYNEQFF	1
CASSYRSGNTIYF	1
CASSLAGDKRRTQYF	1
CASSPLPPGQVAEQYF	1
CASSPHRGGLRGDTEAFF	1
CASSPIHGSYNEQFF	1
CASSEGSQPQHF	1
CASSFRGQIDTQYF	1
CASSFGGTGELFF	1
CASSFGTLGFF	1
CASSFNWKSTDTQYF	1
CASSLFATGVPYNEQFF	1
CASSLSSYNEQFF	1
CASSLSGGKETQYF	1
CASSLWGPLERPDTQYF	1
CASSLWGGKWNEQFF	1
CASSLLSVRYNEQFF	1
CASSLRQGGQPQHF	1
CASSLHGTQYF	1
CASSLQPNEQFF	1
CASSLVHEAFF	1
CASSLAWRYNEQFF	1
CASSLAGTGPIAQYF	1
CASSLARNSYGYTF	1
CASSLGGAGGYNEQFF	1
CASSLDLSGRAVGSYNEQFF	1
CASSLDRGQSTFF	1
CASSLDTDYEQYF	1
CASSLEGTVSGNTIYF	1
CASSLTGTRPDTQYF	1
CASSSQGGFYNEQFF	1
CASSSAMDGLHF	1
CASSSYPGLGSGELFF	1
CASSSGTGAYEQYF	1
CASSSGRTEAFF	1
CASSSPSGRADTQYF	1
CASSSTGGNTEAFF	1
CASSSNPLGSGYNEQFF	1
CASSYRGRETQYF	1
CASSLYGRSEEKLFF	1
CASSLSGLAGGNTGELFF	1
CASSLGLAGGPGSYNEQFF	1
CASSLARERLSEQFF	1
CASSPREDQPQHF	1
CASSPRDGQAFF	1
CASSPRQGHGNTIYF	1
CASSPELGLSTEQFF	1
CASSPSFSGDYNEQFF	1
CASSPTGAINEQFF	1
CASSRGTGGVMRDGYTF	1
CASSRRLGTGSPLHF	1
CASSRDVEDEGRAFF	1
CASSHGTDTQYF	1
CASSQAHKNTGELFF	1
CASSQGSGGPTTDTQYF	1
CASSQGDRDYRDYGYTF	1
CASSQTTFTEAFF	1
CASSVTDRPQETQYF	1
CASSALYSGGRFGNEQFF	1
CASSAGTGAYNEQFF	1
CASSEVGGKAYNEQFF	1
CASSTSGGSSYNEQFF	1
CASSTSSGTNTGELFF	1
CASSRWDAYNEQFF	1
CASSKGQGTGELFF	1
CASRIGTALNTEAFF	1
CASRSGGAGNEQFF	1
CASNTRGSGYEQYF	1
CASKQGGTEEETQYF	1
CSVAGAGGYTEAFF	1
CSASGGPGANEKLFF	1
CSAHTGTAYEQYF	1
CSADDFSYNEQFF	1
CSASSSSRYNEQFF	1
CSASAYRSNTDTQYF	1
CSASITSGGTDTQYF	1
CSASSDRTYNEQFF	1
CSARMTGTGGGSGNTIYF	1
CSARVGRVYGYTF	1
CSARVGTSATPVATGELFF	1
CSARAGQGPYEQYF	1
CSARGQGVRPQHF	1
CSARDSGQIAYNEQFF	1
CSARDRDRGHFGSSYNSPLHF	1
CSANARDRDSNQPQHF	1
CSAKPGLAFTDTQYF	1
CSARPILAGVSYEQYF	1
CSATDWLAGGRGANVLTF	1
CSARGQDSPLHF	1
CSAPDRAYEQYF	1
CSVVDKNSYNEQFF	1
CSVGPRGSYNEQFF	1
CSVGQGAEGYTF	1
CSVDGSNYGYTF	1
CSVETVLDYGYTF	1
CSVEAGASGYEQYF	1
CSVEDLVGYDQFF	1
CSVQTSGYNEQFF	1
CSVRLADPYEQYF	1
CSVSGPSGTGVGGYTF	1
CASSPLTGVDYGYTF	3
CASSFGEGRDNEQFF	3
CASSLGQGGTGELFF	3
CASSLLSGVGQETQYF	2
CASSLGPGTNTEAFF	2
CASSRTQETQYF	2
CASSIHWTVRNEKLFF	2
CSAGTSGRATTWEQYF	2
CASTRQGASQPQHF	1
CAWSVGNSMYTDTQYF	1
CAWRGSAGTQYF	1
CAWRATGDAYGYTF	1
CAISEGLGVAAEQYF	1
CAISGTVHSPLHF	1
CAIRAGSYNEQFF	1
CATSPARGREQYF	1
CATSRERSSWTAWGQYF	1
CASSATGEETQYF	1
CASSIAGTEQFF	1
CASSASGTPLKAEQFF	1
CASSPVENTEAFF	1
CASSPPTSLRQFF	1
CASGGGADSYEQYF	1
CASGTSGPYEQYF	1
CASGTEDQPQHF	1
CASMATSGAYNEQFF	1
CASTSWTGYYEQYF	1
CASTLATDTEAFF	1
CASTHTVGGRAYEQYF	1
CASTIDDMTREQFF	1
CASSFGSSPLHF	1
CASSFVRDSPLHF	1
CASSLPTVGVRWTGELFF	1
CASSLTGNQPQHF	1
CASSLTGGGYEQYF	1
CASSLSLGFPLHF	1
CASSLGQGTYQPQHF	1
CASSSGIRGNLYGYTF	1
CASSYWQGAYEQYF	1
CASSYGFRLNEKLFF	1
CASSYSGTDRGSYNEQFF	1
CASSYSGLAGWTDTQYF	1
CASSYSYSGSYNSPLHF	1
CASSYSGASTDTQYF	1
CASSYSGGQETQYF	1
CASSYRAGASTDTQYF	1
CASSYAKQAKNIQYF	1
CASSYGDTGELFF	1
CASSYGLPNEQFF	1
CASSYDSAYNEQFF	1
CASSLDRHTQYF	1
CASSLQGDNEQFF	1
CASSLRQGAGETQYF	1
CASSPHGDEQFF	1
CASSPGVHLGSEPQHF	1
CASSPDVGRDTEAFF	1
CASSPSWTGNTIYF	1
CASSQEAGGSYNEQFF	1
CASSVGTYNEQFF	1
CASSDRTGGYNEQFF	1
CASSDGLAGNEQFF	1
CASSEEQGGGNEQFF	1
CASSETGRPYNEQFF	1
CASSEGTGFYGYTF	1
CASSTGTTTDTQYF	1
CASSFHQETQYF	1
CASSFLGQGVTEAFF	1
CASSFITSGLADTQYF	1
CASSLFQVGGETQYF	1
CASSLLHKGTDTQYF	1
CASSLWEAEQFF	1
CASSLPPGSTDTQYF	1
CASSLPRSPGRGVEKLFF	1
CASSLVQRDYEQYF	1
CASSLVGQSYEQYF	1
CASSLVDGVEETQYF	1
CASSLAEGLAGVWAYNEQFF	1
CASSLGVATDTQYF	1
CASSLGLADTGELFF	1
CASSLDRGTEAFF	1
CASSLDEVGASPQHF	1
CASSLESGQETQYF	1
CASSLEGLSETQYF	1
CASSLIFAGGSYEQYF	1
CASSLTDEQYF	1
CASSLTPWTGGTGYTF	1
CASSLTGEKKGYTF	1
CASSLSAGPSPLHF	1
CASSLRDQGALSFF	1
CASSLRTGGKDEQFF	1
CASSLRNGAGYEQYF	1
CASSLNSANTGELFF	1
CASSSLLAGDYEQFF	1
CASSSSSGPQETQYF	1
CASSSSRDSFRRGTANEQFF	1
CASSSPARSYGYTF	1
CASSSPGTGLAGELFF	1
CASSSAVGTSQPQHF	1
CASSSFLSGAGTDTQYF	1
CASSSRGQGALETQYF	1
CASSSQGAQETQYF	1
CASSSRLAGDTDTQYF	1
CASSWGVGQPQHF	1
CASSWGGTLSSYEQYF	1
CASSYRQGSYNEQFF	1
CASSYNRVQGNEQFF	1
CASSLTSVLVQGEQFF	1
CASSLRTSGSGGELFF	1
CASSLNEQFF	1
CASSLSTFANTGELFF	1
CASSPGGTGVYGYTF	1
CASSPFGTAFEQFF	1
CASSPGTQVSGELFF	1
CASSPRTSGRANNNEQFF	1
CASSPGGYGYTF	1
CASSPLAGRYNEQFF	1
CASSPRIGSGSTDTQYF	1
CASSPQGLANTGELFF	1
CASSPSGREQFF	1
CASSRTGGDREQYF	1
CASSRRGRNEQFF	1
CASSHGTGGPLTDTQYF	1
CASSHRVEGTGELFF	1
CASSHVPTDTQYF	1
CASSQGLEHETQYF	1
CASSQTGSNQPQHF	1
CASSQPLIGHAGELFF	1
CASSQHLAGETQYF	1
CASSQVLGSPLHF	1
CASSQASWDTSYEQYF	1
CASSQGADISTDTQYF	1
CASSQDGGQGTGGYTF	1
CASSQDETGPGELFF	1
CASSVDPSDPNEQFF	1
CASSAAGTSGSYEQYF	1
CASSGDYSNNEQFF	1
CASSDTSGGEQFF	1
CASSEAVLAGVGEQFF	1
CASSTGLNTGELFF	1
CASSTGQGNEKLFF	1
CASSTSSGQSSYNEQFF	1
CASSSLIPNQPQHF	1
CASSRGPSETQYF	1
CASSKAGGAWTGELFF	1
CASRSGLSDNEQFF	1
CASRYSNRDRGLDEQFF	1
CASRGQGSYEQYF	1
CASRTDPSYEQYF	1
CASRSGSNTGELFF	1
CASRLSGPTDTQYF	1
CASRRLAGGSGEQFF	1
CASRHGLAGINNEQFF	1
CASNYRSAEAFF	1
CASNLAGGYNEQFF	1
CASKTRTSGRGYNEQFF	1
CASKLGHNYNSPLHF	1
CAGGPHYNEQFF	1
CASSVVAGSSYNEQFF	1
CASSPRLAGGGAQFF	1
CASSQATGRGVVGNTIYF	1
CASSQGTSQYNEQFF	1
CASSQGFYNEQFF	1
CASSQDPGNGEQFF	1
CSACGSAGDTDTQYF	1
CSAYSGGVRNEQFF	1
CSAPKAGGASTGELFF	1
CSAQGNGDYEQYF	1
CSAQSPGTSGGYNEQFF	1
CSAGRTESSYNEQFF	1
CSADTSGSVNEQFF	1
CSAENRLAGRSEQFF	1
CSATLALPISYEQYF	1
CSATGTSGYYNEQFF	1
CSATGFGDTEAFF	1
CSARIGLVVGYTF	1
CSARRLAGPNEQFF	1
CSARGDRTNYGYTF	1
CSARDIQQGGNEQFF	1
CSARERYRGRVLTDTQYF	1
CSARESGAPRTEAFF	1
CSARKGGLAGFPYNEQFF	1
CSAQAGGKEKLFF	1
CSAGQLQETQYF	1
CSAEDRSSYEQYF	1
CSAMGLTHNEQFF	1
CSASSGAYNEQFF	1
CSAEMVGAWDSPLHF	1
CSARGLAGSDEQFF	1
CSGLSQASGGLEQYF	1
CSVVREGAYNEQFF	1
CSVAGHKGEQFF	1
CSVGPRRAQETQYF	1
CSVGAQVPGELFF	1
CSVGGQRETQYF	1
CSVEGTSGRATDEQFF	1
CSVEGVLGQGYGYTF	1
CSVEDGLGGYNEQFF	1
CSVEKTEGTEAFF	1
CSVTVEGVAQETQYF	1
CSVKYGRAEAFF	1
CSVRAGGYEQYF	1
CSVWAGTIWWKETQYF	1
CSAATQMNTEAFF	1
CSGGASGSSETQYF	1
CSGGDRTWFF	1
CSDTGTGTDTQYF	1
CAISVGNEQFF	2
CAISARPRSSYNEQFF	2
CASSPLGTGGDQPQHF	2
CASSYHDVRDYGYTF	2
CASSRTSATGELFF	2
CASSFGHINTEAFF	2
CASSLGETQYF	2
CSASGPIYEQYF	2
CASRPLFPRNTEAFF	1
CASGRDLTGELFF	1
CASGASGLFSEQFF	1
CASSSGSRTDTQYF	1
CAWGGGSLYNEQFF	1
CAWSPFGGRTDTQYF	1
CAWRTAANEQFF	1
CAWRIGGVQEQFF	1
CAISAAGQHYEQYF	1
CAISGTNAEAFF	1
CAISELDRDDQPQHF	1
CAISESIFRNYGYTF	1
CAISEGQYSNQPQHF	1
CATSVGGKDTEAFF	1
CATTFTGTENYGYTF	1
CATSSSGWGGRDTDTQYF	1
CATGQSYEQYF	1
CASSKYPGLAGVTYEQYF	1
CASSPSTGVMDSPLHF	1
CASSPGRTASYGYTF	1
CASSPRDDQPQHF	1
CASSPFDVSGANVLTF	1
CASSPRRTGELFF	1
CASSPTGDTEAFF	1
CASLEDGATNEKLFF	1
CASRPQRTNYGYTF	1
CASQPGTDHTGELFF	1
CASASGTNLHF	1
CASARTGGGSPLHF	1
CASGQQPQHF	1
CASIRGLDRRSGGEAFF	1
CASTFTGLNEQYF	1
CASTLWSESSYNEQFF	1
CASTPGNPLVDNEQFF	1
CASTRTPGGEQFF	1
CASTRLDGNSPLHF	1
CASTTHNGRSTEAFF	1
CASTNRFPGNTIYF	1
CASSFGGMNRGKKTQYF	1
CASSLVESSYEQYF	1
CASSLGSGNTEAFF	1
CASSLGPPPLDVEQFF	1
CASSLSQGQTQYF	1
CASSLSGRAYEQYF	1
CASSLGQPMTEAFF	1
CASSSRGESSYEQYF	1
CASSSPVAGEETQYF	1
CASSSGGGGYGYTF	1
CASSSGRDTDTQYF	1
CASSWAPRDSPLHF	1
CASSYSAYPPRNEQFF	1
CASSYLDSNTEAFF	1
CASSYSMITGNTEAFF	1
CASSYSGSPLHF	1
CASSYSKAGQGAFGYTF	1
CASSYPTSGSINEQFF	1
CASSYAPGGTYEQYF	1
CASSLSGTGRLAGYTF	1
CASSLRVGGETQYF	1
CASSLYRGTEAFF	1
CASSLNQETQYF	1
CASSPHPRTNYEQYF	1
CASSPEGGVQETQYF	1
CASSPIGTSPNTGELFF	1
CASSPGVNEQYF	1
CASSQQGAYNEQFF	1
CASSVEYEQYF	1
CASSVDSYVEQYF	1
CASSASSGEYNEQFF	1
CASSATSGSYNEQFF	1
CASSDSPASNEQFF	1
CASSDGTSGSGANVLTF	1
CASSEDSGDSNEQFF	1
CASSEGGRDNEQFF	1
CASSRPGGTEAFF	1
CASSFSGTEFNEQFF	1
CASSFSGTGTGELFF	1
CASSFVVNEQFF	1
CASSFLSPPARGSSYNEQFF	1
CASSFLAGVSNEQYF	1
CASSFPTGPSYNSPLHF	1
CASSFRGDAGSYNEQFF	1
CASSFRDRGLYNEQFF	1
CASSFGTGFLGANTGELFF	1
CASSLQDRVVTEAFF	1
CASSLGGSTDTQYF	1
CASSLGAATDTQYF	1
CASSLSSEETQYF	1
CASSLRAGRPEAFF	1
CASSLLENEQFF	1
CASSLSPVTRLAGGNEQFF	1
CASSLSRDTEAFF	1
CASSLSTGQETQYF	1
CASSLLPGQNQPQHF	1
CASSLLASETQYF	1
CASSLHGGGYEQYF	1
CASSLVSSGTGELFF	1
CASSLVARPDSNQPQHF	1
CASSLVPGGVSNGELFF	1
CASSLVRELSYNEQFF	1
CASSLAPSTGNAQPQHF	1
CASSLAPRNSPLHF	1
CASSLAAGLQETQYF	1
CASSLAGGRSNNEQFF	1
CASSLAAASGAGVNTQYF	1
CASSLAAGGTEAFF	1
CASSLAGSLAGETQYF	1
CASSLAGRAEAFF	1
CASSLAGWSSYNEQFF	1
CASSLGNGGAYEQFF	1
CASSLGSSGYNEQFF	1
CASSLGTLAYNEQFF	1
CASSLGWDSDYEQYF	1
CASSLGQGFDYTF	1
CASSLDVQPQHF	1
CASSLDKAEQFF	1
CASSLEAGAQETQYF	1
CASSLMSNTEAFF	1
CASSLIRGSANEQFF	1
CASSLTGRPLVGSPLHF	1
CASSLTWASGRANEQFF	1
CASSLTPARGYGYTF	1
CASSLTERETQYF	1
CASSLRRETQYF	1
CASSLNALAGIDEQFF	1
CASSLKARGEQFF	1
CASSSVTSGPTNTGELFF	1
CASSSATSSNEQYF	1
CASSSQAGSSYNEQFF	1
CASSSGTGHINEQFF	1
CASSSRLAEYNEQFF	1
CASSSPTDQETQYF	1
CASSSGTGRYEQFF	1
CASSSGLAGGSSYNEQFF	1
CASSSTYNEQFF	1
CASSSPTGGGNEQYF	1
CASSSHSVGNEQFF	1
CASSSQGGDEQFF	1
CASSYPRGRETQYF	1
CASSYTDTQYF	1
CASSLNSPLHF	1
CASSLQGEQYF	1
CASSLGVGWNEQFF	1
CASSLGTSGTYEQYF	1
CASSLIDRATEAFF	1
CASSLLAGALETQYF	1
CASSLAGDGYNEQFF	1
CASSPHNEQFF	1
CASSPETEARKDGYTF	1
CASSPPGHQSSYNEQFF	1
CASSPRQGPYNEQFF	1
CASSPQTADLNTEAFF	1
CASSPAGSGPYNEQFF	1
CASSPGKGEQFF	1
CASSPDSGGTDTIYF	1
CASSPMAILSNEQFF	1
CASSPRDRGPYNEQFF	1
CASSPTGNDGELFF	1
CASSPQRQSTGELFF	1
CASSPIQRDEQFF	1
CASSRGQGPRLAYGYTF	1
CASSRDHDNNEQFF	1
CASSRTSGRAHNEQFF	1
CASSRAPNTGELFF	1
CASSQVGDAKLFF	1
CASSQERASGQETQYF	1
CASSQRGAGISYEQYF	1
CASSQSYSGGLTDTQYF	1
CASSQRGAGVSYEQYF	1
CASSQAARQGAYEQYF	1
CASSQARGNSYEQYF	1
CASSQGGGVGYEQYF	1
CASSQGDRFKRNSPLHF	1
CASSQDSAGNQPQHF	1
CASSQDWTTGLSYNEQFF	1
CASSQEGWSEAFF	1
CASSQNLDVYEQYF	1
CASSVAGTGSTGQFF	1
CASSVSTSGHSYNEQFF	1
CASSVDVRGSNNEQFF	1
CASSATETGELFF	1
CASSGGQGSGQFF	1
CASSDRGRYNEQFF	1
CASSERGLDEQFF	1
CASSEQGWTTEAFF	1
CASSEGLTDTQYF	1
CASSTGQGATADTQYF	1
CASSTRLAGIYNEQFF	1
CASSRTIPPETQYF	1
CASSKTGGPNTGELFF	1
CASRWQGAQETQYF	1
CASRDSNYGYTF	1
CASRTYRDRVYEQYF	1
CASRRGAEYQETQYF	1
CASRSWTSGYNEQFF	1
CASRLSLAGGTYEQYF	1
CASRPGTSGHYEQYF	1
CASRQGRFDEQFF	1
CASNLSGDTYEQYF	1
CASNYRRGNEKLFF	1
CASNRAGSYEQYF	1
CASNQYF	1
CASNTDRGFRDTQYF	1
CASNRANTGELFF	1
CASKSYNEQFF	1
CASKLAGELFF	1
CASKRRGHTYEQYF	1
CASSQGRLETQYF	1
CASSEGLIEQFF	1
CASSETGTGPSYEQYF	1
CASSLGTGEADTQYF	1
CASSHVRLANNEQFF	1
CASSQAGTTSYEQYF	1
CASSQLRQGARSPLHF	1
CASSQPGQGPEAFF	1
CASSQRLIGGELFF	1
CASSQVLAEPTDTQYF	1
CASSQVQGFGNTIYF	1
CASSQVADRRRSYTF	1
CASSQVGGQRSYGYTF	1
CASSQGGGQGIQPQHF	1
CASSQGNRDNSPLHF	1
CASSQGQGDNQPQHF	1
CASSQDLGVDTEAFF	1
CASSQDPGRLSPLHF	1
CASSQDRRTLGGSQTGMAFF	1
CASRDLAGGTDEQFF	1
CASRDRGNYGYTF	1
CSALQREASSYNEQFF	1
CSAPNNFYGYTF	1
CSARRTSGSPHEQFF	1
CSAGPRGGSAGELFF	1
CSAEVRTEAFF	1
CSAEWEGAGSSYEQYF	1
CSAIRDRGQGQPQHF	1
CSATKNPSF	1
CSASFGGQVETQYF	1
CSASWGREETQYF	1
CSASPFLEDEQYF	1
CSASRLQGLGETQYF	1
CSASTGSYSNQPQHF	1
CSARLGGADSPLHF	1
CSARARFYEQYF	1
CSARGTSGTYNEQFF	1
CSARDIPGLALETQYF	1
CSARIRGYYNEQFF	1
CSARKAGGILLADTQYF	1
CSARLINEQFF	1
CSARRTGDSPLHF	1
CSARVEERPGHSSFGYTF	1
CSARVRRGYNTEAFF	1
CSARAENTIYF	1
CSARGRELLYEQYF	1
CSARDLRARGDTQYF	1
CSARDLAGGANTEAFF	1
CSARDPGGTYEEYF	1
CSARDPIRGTSNQPQHF	1
CSARDPDAGDTGELFF	1
CSASLRGNTGELFF	1
CSALTGDRIYGYTF	1
CSAPPPGTYGYTF	1
CSAPGQGGNTIYF	1
CSAPLGARSNQPQHF	1
CSARGQDSPDYGYTF	1
CSAGGRLGQPQHF	1
CSARGGLNATQYF	1
CSAKEGPEYEQFF	1
CSASSESYEQYF	1
CSAPGPGLVQFF	1
CSAALDAGETQYF	1
CSVHSGGHEQYF	1
CSVGESGVQPQHF	1
CSVEGRRAGGQETQYF	1
CSVEGPTGGWGAFF	1
CSVEDRPSSDTQYF	1
CSVEDGGGYTF	1
CSVGQGPYEQYF	1
CSASLALGYNEQFF	1
CSDRDRGPADQYF	1
CASSPWTSQGNAQFF	2
CASSLAGELFF	2
CASSAGRNNEKLFF	2
CASSGDSASNSPLHF	2
CASSLRSALNTGELFF	2
CASSLRASGIYEQFF	2
CASSSTWERETQYF	2
CASSPLATVTYEQYF	2
CASSPGGDRGTNLLGYTF	2
CASSPLGAGELFF	2
CASSRGADNTIYF	2
CASSKTGTDDQPQHF	2
CASSQSPVRTEAFF	2
CASSQVLRAGNPYNEQFF	2
CASSQVVSLVFYEQYF	2
CSARVRSSSNTGELFF	2
CSVGVLGQPQHF	2
CASGPPTNEQFF	1
CASSLPDRAYTGELFF	1
CASSLGQSYEQYF	1
CASSLDGPGYNEQFF	1
CASSRSTVTDTQYF	1
CASGTSTYEQYF	1
CAWTSGDHYEQYF	1
CAWTGSYGYTF	1
CAWSPLGTAFGYTF	1
CAWSGSYGYTF	1
CAWSQGFYMNTEAFF	1
CAWSGIGAGELFF	1
CAWRVSGETQYF	1
CAWNEGLDSPLHF	1
CAGRGRVNTIYF	1
CAIQSGRAGDTQYF	1
CAIMGAGGYGYTF	1
CAITKTGDRQYGYTF	1
CAISAEVAGGWDEQFF	1
CAISAGEVTDTQYF	1
CAISGGVAAQETQYF	1
CAISGGLSGRIYTDTQYF	1
CAISDRDQETQYF	1
CAISELDRVYGYTF	1
CAISESRDTHPYQPQHF	1
CAISEPTGLQSTDTQYF	1
CAISEELGDRGTDTQYF	1
CAISHGDRGNYGYTF	1
CAISGTGFGQPQHF	1
CAIAASGSVRYEQYF	1
CATGLAENNEQFF	1
CATGLAGEGDTQYF	1
CATGPYNEQFF	1
CATSGRSGRDEFF	1
CATSGIDEQFF	1
CATSTSGSSYNEQFF	1
CATNRDRVYNEQFF	1
CATSH	1
CATYRGLGTEAFF	1
CASHLDGSLGGELFF	1
CASGRGQGTDTQYF	1
CASTVGMKGTGNEQFF	1
CASSIQGRGYTF	1
CASSMFRQGENEAFF	1
CASSTSAANYGYTF	1
CASSTGATEAFF	1
CASSKQGRRGNTEAFF	1
CASRGTGIHEQYF	1
CASFRGSHSYNEQFF	1
CASLMDRAPGNEQFF	1
CASSVTGIRETQYF	1
CASSAGNEQFF	1
CASSKGLQYTEAFF	1
CASSLEYSGTGELFF	1
CASSPPMKMNTEAFF	1
CASSRDSSSYEQYF	1
CASSPTEGAGNTEAFF	1
CASSRMGTGDEQYF	1
CASSGREYNEQFF	1
CASSGTDPKQYF	1
CASSGGIYNEQFF	1
CASSSGTDNSPLHF	1
CASSSGRNTEAFF	1
CASSSNYGTDYGYTF	1
CASSPPPLGGNEQFF	1
CASSPPDTQYF	1
CASSPVTGGGERYGYTF	1
CASSPGQQYGYTF	1
CASSPGQGLDGYTF	1
CASSPLAGQGPYEQYF	1
CASSPPPFGAVYEQYF	1
CASSPPNRGGQPQHF	1
CASSPRSETYGYTF	1
CASSPRTGQGGDSPLHF	1
CASSPDGTNTEAFF	1
CASSPRSSESSYNEQFF	1
CASSPRDRGTEAFF	1
CASSPRNTLNTEAFF	1
CASSPRRLTHEQFF	1
CASSQSGSSSYNEQFF	1
CASSVTGAFNQPQHF	1
CASSDTGGSDEQYF	1
CASSTGGTDLNTEAFF	1
CASCGTNTGELFF	1
CASQGQPNQPQHF	1
CASALAGLYEQYF	1
CASAGNQGSPLHF	1
CASANYNSPLHF	1
CASGIWESGELFF	1
CASGERSSYNEQFF	1
CASGTQETQYF	1
CASGTQGALGYTF	1
CASIPGTGEETQYF	1
CASTSNGGGSYTGELFF	1
CASTPTGASTDTQYF	1
CASTQDRDLTDTQYF	1
CASTGGLQGSPLHF	1
CASTTLSGTEAFF	1
CASTGSTDTQYF	1
CASTGQARYGYTF	1
CASSFLAGVYEQYF	1
CASSFVGGSYNEQFF	1
CASSFGAGVDNEQFF	1
CASSFSPLAGAYNEQFF	1
CASSFGGARTYEQYF	1
CASSFGQGGSGYTF	1
CASSFIMGQGSLMANVLTF	1
CASSLLADQPQHF	1
CASSLQRRSYEQYF	1
CASSLDAGGIPLHTDTQYF	1
CASSLSVGYNEQFF	1
CASSLWISSEYTDTQYF	1
CASSLRGEQYF	1
CASSLVSTDTQYF	1
CASSLAGSYEQYF	1
CASSLADYKTEAFF	1
CASSLGRLAKYEQYF	1
CASSLGQGNQPQHF	1
CASSLEGLGYTF	1
CASSLTGDSTDTQYF	1
CASSSYGTGAKGADTQYF	1
CASSSGQGTEAFF	1
CASSSVGNIVELETQYF	1
CASSSGRNTEAFF	1
CASSSGHEQFF	1
CASSWLQFQGSPGETQYF	1
CASSWDDRNTEAFF	1
CASSWDRGEYEQYF	1
CASSWKGFNEQFF	1
CASSYFSGIAGNEQFF	1
CASSYEGPGELFF	1
CASSYFLRADSGNTIYF	1
CASSYSSPALSRPGSRYEQYF	1
CASSYSGQEYSGYTF	1
CASSYSIGTEAFF	1
CASSYSITGITGNTIYF	1
CASSYSKSGPEDNEQFF	1
CASSYPRGEAFF	1
CASSYPIAGGEQETQYF	1
CASSYRPNYGYTF	1
CASSYVGTNYGYTF	1
CASSYATTGETQYF	1
CASSYGLGQGGSEAFF	1
CASSYGAGNEQFF	1
CASSYGATGLSQPQHF	1
CASSYGTGSSPLHF	1
CASSYTRSSRDEQFF	1
CASSYRQGSEQYF	1
CASSLLPTGYQPQHF	1
CASSLRFLLDSEAFF	1
CASSPSGSTDTQYF	1
CASSPRMGNTEAFF	1
CASSPRQGSQPQHF	1
CASSRGLAGGLPDEQFF	1
CASSRTGGNQPQHF	1
CASSRQGTEAFF	1
CASSRQGLYNEQFF	1
CASSRQTGPPEF	1
CASSAEPGQGYQPQHF	1
CASSGTSGSTDTQYF	1
CASSDGGSTDTQYF	1
CASSDSSGGANEQFF	1
CASSDSSGGANEQFF	1
CASSDNAGHTTGELFF	1
CASSERGSGGEDEQFF	1
CASSEKTVFPTTDTQYF	1
CASSEGGGGGSNQPQHF	1
CASSESGGADTQYF	1
CASSERREQYF	1
CASSISGRAFNEQFF	1
CASSTSAGGSSNEQFF	1
CASSSDRGSNSPFGGYTF	1
CASSRDILNYGYTF	1
CASSRTVSGRSANEQFF	1
CASSNWLGHQETQYF	1
CASSNTGTGTYEQYF	1
CASSNRLDGEQYF	1
CASSKDGTEAFF	1
CASSFLGGASSYNEQFF	1
CASSFLAGSQETQYF	1
CASSFPLKQLSGGVKTDTQYF	1
CASSFPQGTEAFF	1
CASSFRRQDEQFF	1
CASSFPNEVQYF	1
CASSFRPMVEPGQGHYEQYF	1
CASSFALNEQFF	1
CASSFARTSGRDNEQFF	1
CASSFGAATGTEAFF	1
CASSFEVGDTQYF	1
CASSFTSGNTDTQYF	1
CASSFTGGGNEQFF	1
CASSFTRQGYETQYF	1
CASSLFPGAMGTKESDEQFF	1
CASSLSAGYYEQYF	1
CASSLSGLANNEQFF	1
CASSLRTHNEQFF	1
CASSLASTYPYNEQFF	1
CASSLAWGGDEQFF	1
CASSLAGGGRYEQYF	1
CASSLGAGVGIETQYF	1
CASSLGTSRYNEQFF	1
CASSLGLAGAAYTDTQYF	1
CASSLGPNSGANVLTF	1
CASSLGAGDVYEQYF	1
CASSLDTNTEAFF	1
CASSLEGTSGSRYEQYF	1
CASSLESLNQYF	1
CASSLIWGNEQFF	1
CASSLTTGNEQFF	1
CASSLFEVNSPLHF	1
CASSLSMNTEAFF	1
CASSLSQTGQGGYGYTF	1
CASSLSPAGTSTGELFF	1
CASSLSAGVSSYNEQFF	1
CASSLWGGDPKVIPNEQFF	1
CASSLLPRVRNQETQYF	1
CASSLLGDTDTQYF	1
CASSLPDTQYF	1
CASSLRTENYGYTF	1
CASSLRNSPLHF	1
CASSLQREGWNEQFF	1
CASSLQGGLDEQFF	1
CASSLVRQGTDTQYF	1
CASSLVHGNTGELFF	1
CASSLVWNEQFF	1
CASSLVAGDPPGNTIYF	1
CASSLVDGAEQYF	1
CASSLVRGQGATNTGELFF	1
CASSLVYRQETQYF	1
CASSLVRVDSSTDTQYF	1
CASSLVHTRYQETQYF	1
CASSLVAGVSGELFF	1
CASSLAGRDGYTF	1
CASSLALEGWGEQYF	1
CASSLASWDSGANVLTF	1
CASSLAQGGSGELFF	1
CASSLAAGGPASTDTQYF	1
CASSLAGTGTVEQYF	1
CASSLADNEQFF	1
CASSLAWGNEQYF	1
CASSLARGLGTDTQYF	1
CASSLARELSHAQYF	1
CASSLAGTGGSTGELFF	1
CASSLADGGIGNTIYF	1
CASSLGWETQYF	1
CASSLGYGRSQKGYTF	1
CASSLGVGGFQETQYF	1
CASSLGGGRNIQYF	1
CASSLGSSSGGPDTQYF	1
CASSLGSGSSGANVLTF	1
CASSLGVDEQYF	1
CASSLGAGRRGGYTF	1
CASSLGADTQYF	1
CASSLGTGGTSEQFF	1
CASSLGSGQGQTEAFF	1
CASSLGLATYNEQFF	1
CASSLDLRTGSSTEQYF	1
CASSLDRGPETQYF	1
CASSLDQGSYNEQFF	1
CASSLDGSYSNQPQHF	1
CASSLEQQETQYF	1
CASSLEGSTYNEQFF	1
CASSLELQQGGYTF	1
CASSLESGDYNEQFF	1
CASSLISWAEGGGYTF	1
CASSLMSSGRYNEQFF	1
CASSLMSGTQETQYF	1
CASSLTGGPTDTQYF	1
CASSLTLGQGGSYNEQFF	1
CASSLTRARTSGFNEQFF	1
CASSLTRIYEQYF	1
CASSLTGGQGTDTQYF	1
CASSLSARGEGETQYF	1
CASSLSGTGELFF	1
CASSLSPGGLAANEQFF	1
CASSLRRSAGMYEQFF	1
CASSLRDHREQFF	1
CASSLRDSYNEQFF	1
CASSLNPESLYNEQFF	1
CASSLKLAGGVSGANVLTF	1
CASSLKGTANTGELFF	1
CASSLKIDRRYGYTF	1
CASSSPSDLAGVWTDTQYF	1
CASSSEFGGNYEQYF	1
CASSSTGGPYLATGNEQFF	1
CASSSFPGSGKYDTEAFF	1
CASSSFGTGGEETQYF	1
CASSSSRYGEQFF	1
CASSSLGLAINEQFF	1
CASSSPRGTASPQPQHF	1
CASSSPSLRYEQFF	1
CASSSHLGGARNYGYTF	1
CASSSGTASSETQYF	1
CASSSGSGPDQDTQYF	1
CASSSGGRGAEQYF	1
CASSSDRGKQFF	1
CASSSTEVRLYGYTF	1
CASSSNSDGELFF	1
CASSSYRNTGELFF	1
CASSSGIDEQYF	1
CASSSGRETQYF	1
CASSSGLAGGTQYF	1
CASSSSSPLHF	1
CASSSLRGFSAYNEQFF	1
CASSSPPEGLADEQFF	1
CASSSGPSTDTQYF	1
CASSWRYRTRDTLRYF	1
CASSWGRAFF	1
CASSWGLAGPYNEQFF	1
CASSWGLAGVGSYEQYF	1
CASSWNSGTNEQFF	1
CASSYLSTDTQYF	1
CASSYEAGWSYNEQFF	1
CASSYGQGGGYTF	1
CASSYDNEQFF	1
CASSLQGARELFF	1
CASSLGGSYEQYF	1
CASSLRTTLTDTQYF	1
CASSLLSGSDEQFF	1
CASSLGQSGTGELFF	1
CASSLRADRLSDTQYF	1
CASSLKGQNTGELFF	1
CASSLLAGGQETQYF	1
CASSLAGGEQFF	1
CASSLAGGTYNEQFF	1
CASSLGLAGMETQYF	1
CASSLGPVLRNEQFF	1
CASSLKQGAKGYTF	1
CASSPSGLWGLYEQYF	1
CASSPPRGNEQFF	1
CASSPTSGRVYEQFF	1
CASSPNSLGDDTQYF	1
CASSPLIGTSGANVLTF	1
CASSPSGQETQYF	1
CASSPYEQYF	1
CASSPLFGSADTQYF	1
CASSPRGPSYNEQFF	1
CASSPHVGGESNQPQHF	1
CASSPQGTSPLHF	1
CASSPQGAYGYTF	1
CASSPEWGQGYGYTF	1
CASSPRSGAAKSTQYF	1
CASSPQATRQETQYF	1
CASSPGGEAYNEQFF	1
CASSPGTGGTTTYEQYF	1
CASSPEWGYGYTF	1
CASSPTGLNTGELFF	1
CASSPTGLDGYTF	1
CASSPTGSSYNEQFF	1
CASSPLYHSVLHEQFF	1
CASSPRRGTSVEETQYF	1
CASSPAIKNRDSRTQYF	1
CASSPDPYPYNEQFF	1
CASSPTTGLGQPQHF	1
CASSPRTSGITGNEQFF	1
CASSRARGELFF	1
CASSRINYDGTPNTEAFF	1
CASSRSVGQDNEQFF	1
CASSRSGRGDEQFF	1
CASSHRPAGTEAFF	1
CASSHALTEGQETQYF	1
CASSHASGSHYGYTF	1
CASSQGQGALMQFF	1
CASSQSRLAVNEQFF	1
CASSQQSRILHF	1
CASSQVGGMSSYEQYF	1
CASSQAQQGSYDGGYSYNEQFF	1
CASSQGTGRYEQYF	1
CASSQGIASEQFF	1
CASSQDGLAGGQETQYF	1
CASSQDYGIFNGYTF	1
CASSQDRGYGYTF	1
CASSQEASGSGEQFF	1
CASSQMTGDEQFF	1
CASSVDGGLNEQFF	1
CASSVSRNEQFF	1
CASSVGHMNTEAFF	1
CASSVRLAGEGTDTQYF	1
CASSVGEWTDTQYF	1
CASSVDRDYEQYF	1
CASSVEIGTQYF	1
CASSAHMVNTEAFF	1
CASSARTGAARVNEQFF	1
CASSADGGDFYEQYF	1
CASSGPTGVRSSANYGYTF	1
CASSGTGRNEQFF	1
CASSGKGPTPYNEQFF	1
CASSGRDSPLHF	1
CASSGQARSYEQYF	1
CASSERQGSFSGANVLTF	1
CASSEDRYRTEAFF	1
CASSERGQAPNTGELFF	1
CASSIDGYTEAFF	1
CASSIRSGDRTDTQYF	1
CASSMSGETQYF	1
CASSIGGDTQYF	1
CASSTRQGGGRNTEAFF	1
CASSTTKAGTRGTGELFF	1
CASSTRKGTEAFF	1
CASSTQQSAQYF	1
CASSTEADTHYEQYF	1
CASSTGSVTSADTQYF	1
CASSNPTQRGTSGSLTSYNEQFF	1
CASSKNAGQGNEKLFF	1
CASSKRGGPHSGRSRDNEQFF	1
CASRSGVGELFF	1
CASRSTGGQSMRKLFF	1
CASRPGRLSYNEQFF	1
CASRPRENTEAFF	1
CASRQDRGTPLHF	1
CASRIQTSNEQFF	1
CASRMNRVSNQPQHF	1
CASRSIPLAGGTHNEQFF	1
CASRLGTGRPAYNEQFF	1
CASRRETFAIYF	1
CASRQPPGGEAFF	1
CASRESGREAQYF	1
CASRTGTGAHGELFF	1
CASRKPGTVNSPLHF	1
CASNLRDFEAFF	1
CASNGWLDGGAQYF	1
CASNTGDRQTQYF	1
CASNRGQVNEQFF	1
CASKSTGYNEQFF	1
CARGDIAKNIQYF	1
CAKIKSVHEQYF	1
CAAVPGRGNYGYTF	1
CASRSRDSSTDTQYF	1
CASRRGQYSGNTIYF	1
CASSRGVGGEETQYF	1
CASSDESVPQETQYF	1
CASSLGGADGYTF	1
CASSLDPGADEQYF	1
CASSLDRSEAFF	1
CASSPLQGAVREQYF	1
CASSPGTGDEKLFF	1
CASSHLRGGYGYTF	1
CASSHPTIYRGRGGFEQFF	1
CASSHRTGREAFF	1
CASSHGGTANEKLFF	1
CASSQQRYSGNTIYF	1
CASSQALFQDPEAFF	1
CASSQPLGGELFF	1
CASSQAPGLGLVVATDTQYF	1
CASSQAQGYTEAFF	1
CASSQANRVRGANVLTF	1
CASSQAQEAPQHF	1
CASSQARVATEAFF	1
CASSQGLRAGTSGGISTDTQYF	1
CASSQGALGNEQFF	1
CASSQDSQGSLWSPLHF	1
CASSQDHGGGLTNEQFF	1
CASSQDGNQPQHF	1
CASSQDGVDSPLHF	1
CASSQDIGGTEAFF	1
CASSQDRGRSGNTIYF	1
CASSQDGDRRLDGYTF	1
CASSGAYRGAYNEQFF	1
CASSIRQGPYEQYF	1
CASRQTGRNEKLFF	1
CASRNRAGEQFF	1
CTQSGGYGDEQFF	1
CSVPGRREANEQYF	1
CSAPPHGPRGDTVQFF	1
CSAHRGGAKNIQYF	1
CSAGGGVIYNEQFF	1
CSAGTGGFDTDTQYF	1
CSAIKRGTTYEQYF	1
CSAIGQPGDTQYF	1
CSASLGTGAYEQYF	1
CSASSRQGVYGYTF	1
CSASPASGGLNEQFF	1
CSASRATGPYEQYF	1
CSASAVMRTAGFPQHF	1
CSASAGTSGNWQFF	1
CSASDSYGYTF	1
CSASESDSSPYQQETQYF	1
CSASSGTPLHF	1
CSASLLQQYF	1
CSASLGQGDTEAFF	1
CSARVVSYNEQFF	1
CSARGQGRSSYNEQFF	1
CSARFSLGTDTQYF	1
CSARVPGANTGELFF	1
CSARVIAMNTEAFF	1
CSARVTGGASETQYF	1
CSARAYEVLWRDVQETQYF	1
CSARGARDGGEKLFF	1
CSARDWGQETQYF	1
CSARDLGQGAINEQFF	1
CSARDPASGRYNEQFF	1
CSARDPKGSGNQPQHF	1
CSARDKRGGHADTQYF	1
CSARDPRERDYEQYF	1
CSAREQGWHGYTF	1
CSARTGVRGNYGYTF	1
CSAKRPGRSNSPLHF	1
CSAPLRGGLETQYF	1
CSAPRQGETQYF	1
CSAPGTANTEAFF	1
CSAPAGTTYEQYF	1
CSARVGGGGYTF	1
CSAQQPGLAYEQYF	1
CSADPPSGRALFGQYF	1
CSARGGDQPQHF	1
CSANPRDKGLQETQYF	1
CSAPGHTAMNTEAFF	1
CSARPRRGSGNQPQHF	1
CSAQTGDFAGYTF	1
CSAKPSGPLQPQHF	1
CSAPGQHSGNTIYF	1
CSAGTRVGNEQFF	1
CSATGLAGGSTDTQYF	1
CSATIDMSTDTQYF	1
CSGGSRGNQPQHF	1
CSGMSGYEQYF	1
CSSEGTSARTDTQYF	1
CSVRVSGGSNSPLHF	1
CSVVRSGGVETQYF	1
CSVADSGETQYF	1
CSVALAGNNYGYTF	1
CSVARGQETQYF	1
CSVDSGRVTEAFF	1
CSVDLRGPPWTQYF	1
CSVDGVSGSSYNEQFF	1
CSVEPLGAYEQYF	1
CSVEVRTQETQYF	1
CSVEVYPGQGPPMDYGYTF	1
CSVEGGMASYEQYF	1
CSVEDRSGTSGNTIYF	1
CSVEDAAAYNEQFF	1
CSVPGTGNREQYF	1
CSVDREETQYF	1
CSVRDPPDTQYF	1
CSVKTGEETQYF	1
CSVSTGDQPQHF	1
CSVELAGGTYEQYF	1
CSVTQGAGQPQHF	1
CSVYGSQGSANEQFF	1
CSVGRGKNEKLFF	1
CSAGAVTGLDTEAFF	1
CSASRQASTEAFF	1
CSARGISSYEQYF	1
CSAEKLNTEAFF	1
CSATPGSGWGNEQFF	1
CSARGTTNTGELFF	1
CSGLLAGGVNEQFF	1
CSGNIPQGRDAAGELFF	1
CSGQGTGGNEQYF	1
CCVGHSPGELFF	1
CASGLRQGVSGGTYEQYF	1
CASGTTGDAGNTIYF	1
CASSTGPLNEQFF	1
CASSFSRGAEAFF	1
CASSLVGGEQFF	1
CASSLGQFDEQFF	1
CASSLLAGGSTEAFF	1
CASSLGPPSGGQETQYF	1
CASSLGGGPYNEQFF	1
CASSSPGGLNTGELFF	1
CASSLRRYQETQYF	1
CASSPGLTGTQYF	1
CASSPLAGRSDTQYF	1
CASSPLAGLTEGTQYF	1
CASSPAGGETQYF	1
CASSPNSPESSYNEQFF	1
CASSATHRQDIQETQYF	1
CAWLTSHRDTQYF	1
CAWCGGADQPQHF	1
CAWVGMGYNEQFF	1
CAWGASPIDTYEQYF	1
CAWIQGAGDTQYF	1
CAWTHRGQGQNEQFF	1
CAWSFGTSNTLGGADTQYF	1
CAWSSGTEFVSYEQYF	1
CAWSLGDRRNQPQHF	1
CAWSVTYEQYF	1
CAWSVQDDQPQHF	1
CAWSVFQPGLAEQETQYF	1
CAWSVSGVTEAFF	1
CAWSVRTQITDTQYF	1
CAWSAVAGVIDTQYF	1
CAWSAPGDNQPQHF	1
CAWSTGTLLNTEAFF	1
CAWRETSSMQFF	1
CAWRATPEGRHYGYTF	1
CAWRTGQEANSPLHF	1
CAWNPGSSNQPQHF	1
CAPETGAHTGELFF	1
CAVGTVSYEQYF	1
CAASGPSGRGGKETQYF	1
CAGWGWPGGEQYF	1
CAIVTDLNTEAFF	1
CAIGKWTDYNEQFF	1
CAIERSGAYNEQFF	1
CAITYRGPGAEGELFF	1
CAISPGTGPVNTEAFF	1
CAISVGINQPQHF	1
CAISVTAGGTTDTQYF	1
CAISAGVEQFF	1
CAISGASGGSYNEQFF	1
CAISGELAGETQYF	1
CAISDSRDTYEQYF	1
CAISDGQGAGELFF	1
CAISESGLAEQYF	1
CAISESMAGTYNEQFF	1
CAISESRAPLAGTDTQYF	1
CAISELGWQYF	1
CAISEVGVSNQPQHF	1
CAISEAGTHNEQFF	1
CAISEISEDTQYF	1
CAISERAEGNTIYF	1
CAISESLAGEIYNEQFF	1
CAISGYRDRFTDTQYF	1
CAISIDRTNEQFF	1
CAISRGDEQYF	1
CAISNSGPDTQYF	1
CAIRPTSGGHNEQFF	1
CAIRGPDTQYF	1
CAIRTGGSHEQYF	1
CAIRRDRSYEQYF	1
CAIAGTVNTEAFF	1
CATPCGGRRNSPLHF	1
CATRIGLGGRRGSPLHF	1
CATSIVREQFF	1
CATWTGGLFGMNTEAFF	1
CATLGQDPPHQETQYF	1
CATLAGVEQYF	1
CATRPGTGYEQYF	1
CATRPDSSNTGELFF	1
CATHAESGANVLTF	1
CATILGQGNTEAFF	1
CATIRGIGYPLTGTGELFF	1
CATIVSTGELFF	1
CATSARTDTQYF	1
CATSGAIGDNEQFF	1
CATSDLRGTSGMVTDTQYF	1
CATSDPGGRAFF	1
CATSDRETQYF	1
CATSDVNGEGYTF	1
CATSDILAGPSNEQFF	1
CATSIQGGENIQYF	1
CATSRDPRAGEQYF	1
CATRRGTSTEQFF	1
CATRSGLADNTDTQYF	1
CATKPGAGGSYEQYF	1
CATARGTNEKLFF	1
CATGGTALNNSPLHF	1
CATNGDRSYNEQFF	1
CATKQPSYEQYF	1
CASRGGQGIGELFF	1
CASAPGLSTDTQYF	1
CASGPPLFYNEQFF	1
CASGTGTNQPQHF	1
CASTPRRLNPGTVRTDTQYF	1
CASTPWAGNMDGYTF	1
CASTGCLGGYEQYF	1
CASSRTAKNIQYF	1
CASSILDSSTEAFF	1
CASSIPGGGQGDNSPLHF	1
CASSIGRANTEAFF	1
CASSMGLVTDTQYF	1
CASSMEGNSYNEQFF	1
CASSIGGGGPYEQYF	1
CASSIDFGTPVGNSPLHF	1
CASSITRNPETQYF	1
CASSTGWGPSDEQFF	1
CASSTEKRVGYEQYF	1
CASSPSVAVVALHF	1
CASRPLSSGDTQYF	1
CASRGGQIQNTEAFF	1
CASFGTPNTGELFF	1
CASSRPSGGTDTQYF	1
CASSSGGDNEQFF	1
CASSSIAGPSYEQYF	1
CASSWTAFDYEQYF	1
CASSRGTASGNTIYF	1
CASSHGTNTDTQYF	1
CASSQETGGYSPLHF	1
CASSGTDYNEQFF	1
CASSDQGTENNEQFF	1
CASSLARNTGELFF	1
CASSRTADETQYF	1
CASSGDTGYYNEQFF	1
CASSRGTGWGTEAFF	1
CASSSRGEQYF	1
CASSSVGAGEGYEQYF	1
CASSLGQGGLQETQYF	1
CASSLDNYGYTF	1
CASSLRESETYEQYF	1
CASSLWTGSPPNQPQHF	1
CASSLQPGQLNTEAFF	1
CASSLTRQGLNEKLFF	1
CASSPLTDTEAFF	1
CASSPRQEETQYF	1
CASSPRGTGFNQPQHF	1
CASSPTSGGPWVGHEQYF	1
CASSPPGQNYGYTF	1
CASSPPTGGKGEQYF	1
CASSPQALEQYF	1
CASSPDGTGAYEQYF	1
CASSPEGLDNSPLHF	1
CASSPEGQLNSEQYF	1
CASSPSSGVTDTQYF	1
CASSPLGTSYNEQFF	1
CASSPLEAFF	1
CASSPLVDNEQFF	1
CASSPPVGRQTGNTIYF	1
CASSPPVSGEQFF	1
CASSPPEQETQYF	1
CASSPPRRVRNTEAFF	1
CASSPPVATGGNQPQHF	1
CASSPPAGGTEAFF	1
CASSPPGSGGPYSYEQYF	1
CASSPPGTSGPLSTDTQYF	1
CASSPPEGLAGGEQFF	1
CASSPPTRTDTQYF	1
CASSPPFGGASNQPQHF	1
CASSPPGKGQFF	1
CASSPRPGVNSPLHF	1
CASSPRGPGLAGLNEQFF	1
CASSPRGPTSTGELFF	1
CASSPVLSDMNTGELFF	1
CASSPVGQGVSYTF	1
CASSPGVDTEAFF	1
CASSPGPEQYF	1
CASSPGGYYEQYF	1
CASSPGQDNYGYTF	1
CASSPEAGVVLGDTQYF	1
CASSPTRGNTIYF	1
CASSPSQGSGYTF	1
CASSPRHDPFSPLHF	1
CASSPNGVMDIQYF	1
CASSRRGNPFDNSPLHF	1
CASSRIQGGQPQHF	1
CASSRSYGDYYGYTF	1
CASSRDRNYEQYF	1
CASSRRDRGRPGANVLTF	1
CASSQGVNSPLHF	1
CASSQGSSDNEQFF	1
CASSQREANEKLFF	1
CASSARSGGSAETQYF	1
CASSGQGAFGYTF	1
CASSTTQAGEGYNEQFF	1
CASSRGGTTQETQYF	1
CASSKGTVNQPQHF	1
CASWSDSYEQYF	1
CASYRDRGHNSPLHF	1
CASYQTGGNTIYF	1
CASRLTKSNTGELFF	1
CASRWGSNTGELFF	1
CASRDFYGYTF	1
CASRDLIQETQYF	1
CASRPQGWDSEAFF	1
CASRRPKLDGSYNEQFF	1
CASRQGNYGYTF	1
CASHLDVGELFF	1
CASQSVRAGDTQYF	1
CASQGRGSNQPQHF	1
CASVMSGGSNEQFF	1
CASANLQDNSPLHF	1
CASAPGTSGATDTQYF	1
CASADRGDSPLHF	1
CASAGAGGFTDTQYF	1
CASGPGGGGADTQYF	1
CASGDGGNQPQHF	1
CASGRDYGYTF	1
CASGQGANYGYTF	1
CASGEGKNIQYF	1
CASGTEQETQYF	1
CASGYFGGRTPYEQYF	1
CASGRLPDGPQHF	1
CASGRDGRATNEQFF	1
CASGTQGVPYEQYF	1
CASINPRDRLTF	1
CASIPRGRGETQYF	1
CASIKGAGGREQYF	1
CASMRETQYF	1
CASISPGNEKLFF	1
CASIPGPSTDTQYF	1
CASISFGAGLYEQFF	1
CASTWDREGVGGQSSYEQYF	1
CASTSTGGAYEQYF	1
CASTWGGGDYEQYF	1
CASTLIVGYGYTF	1
CASTLQVADSYNEQFF	1
CASTPGRAKETQYF	1
CASTPSGTSQDTQYF	1
CASTPGDYNEQFF	1
CASTRAGVTGELFF	1
CASTRGSEAFF	1
CASTRDRGNTEAFF	1
CASTRYLNTEAFF	1
CASTGPNEKLFF	1
CASTGRQTNEQFF	1
CASTGQGYNEQFF	1
CASTEYGNTGELFF	1
CASTKQGDQPQHF	1
CASTLVVQGYGTQYF	1
CASTGLAGEIRETQYF	1
CASSFQGGNNQPQHF	1
CASSFALGSTDTQYF	1
CASSFGRGNTEAFF	1
CASSFTGDTQYF	1
CASSFRRGRQETQYF	1
CASSFRIDSYNEQFF	1
CASSFKGLYGYTF	1
CASSFSLQTYEQYF	1
CASSFWRVSYNEQFF	1
CASSFPERGPTYNEQFF	1
CASSFPGVYEQYF	1
CASSFRGHMNTEAFF	1
CASSFQGRLAKNIQYF	1
CASSFGVEGYEQYF	1
CASSFDKNIQYF	1
CASSLVWTARNSPLHF	1
CASSLASNQPQHF	1
CASSLGQLNTEAFF	1
CASSLSLNGAGELFF	1
CASSLNTEAFF	1
CASSLFGSGSIRGNEQFF	1
CASSLFGRRGQFF	1
CASSLLSQTQYF	1
CASSLSLRTYEQYF	1
CASSLSIQGYQETQYF	1
CASSLSGVDRDIAEAFF	1
CASSLSGALVYNEQFF	1
CASSLWTAGDGNYEQYF	1
CASSLYKGEQYF	1
CASSLLGIGTMNTEAFF	1
CASSLPPDPVIYNEQFF	1
CASSLRGQHTGELFF	1
CASSLQGSGELFF	1
CASSLQGAAWTEAFF	1
CASSLVGLDSWSYGYTF	1
CASSLVSRGLAGGYNEQFF	1
CASSLVAGGIYEQYF	1
CASSLVEGRNSNQPQHF	1
CASSLAFLEQYF	1
CASSLALWRGDLETQYF	1
CASSLAGLRSYNEQFF	1
CASSLAGPLNENYGYTF	1
CASSLGSTYEQYF	1
CASSLGPGTSYNEQFF	1
CASSLGGRPLHF	1
CASSLGGVYNSPLHF	1
CASSLGIRADRGKGNQPQHF	1
CASSLMGDEQYF	1
CASSLTGNTEAFF	1
CASSLSGSSTDTQYF	1
CASSLNGGETQYF	1
CASSLNGLGSPLHF	1
CASSLKATSEAQYF	1
CASSSSDNYYEQYF	1
CASSSYRWTSGGARYNEQFF	1
CASSSSGYSYEQYF	1
CASSSFTGSNEQFF	1
CASSSSLSSGRTDTQYF	1
CASSSLAGGIDTQYF	1
CASSSPRWEQFF	1
CASSSPRGDTQYF	1
CASSSPGQYNEQFF	1
CASSSGQGNNEQFF	1
CASSSGGGMERETQYF	1
CASSSTGTSGASYEQYF	1
CASSSGVRGQGTYEQYF	1
CASSSDRGRSPLHF	1
CASSSSSNIDGKETQYF	1
CASSWRGGGWDEQFF	1
CASSWGRSIQETQYF	1
CASSWGSTKDEQYF	1
CASSWTSGRRYTGELFF	1
CASSWTGTTGELFF	1
CASSYLEGAYNEQFF	1
CASSYPGTHQETQYF	1
CASSYHDSSYEQYF	1
CASSYDRAGAETQYF	1
CASSYEAGDYEQYF	1
CASSYMNTEAFF	1
CASSYLGEQYF	1
CASSYSRKTGNEQFF	1
CASSYSLGETQYF	1
CASSYSFGGGPVFF	1
CASSYSSPGSGGTYEQYF	1
CASSYSYRVDTGELFF	1
CASSYSVFQPQHF	1
CASSYSVMGSGRALYNEQFF	1
CASSYSGQGNQPQHF	1
CASSYSDRGAFF	1
CASSYSMASGLYNEQFF	1
CASSYSTSGSNEQFF	1
CASSYSTVRGLNTEAFF	1
CASSYSSVAAKAFF	1
CASSYSSTDTQYF	1
CASSYSLPVSAGQYF	1
CASSYSVELAGYNEQFF	1
CASSYWPGSYGYTF	1
CASSYWDRGSSYNEQFF	1
CASSYPPDRTNIQYF	1
CASSYPQPGPNQPQHF	1
CASSYRGTDTQYF	1
CASSYRDRGSGGQFF	1
CASSYVELPALF	1
CASSYVAGNTEAFF	1
CASSYVAGGAHEQFF	1
CASSYAPRQNQPQHF	1
CASSYADTQYF	1
CASSYGGLMDEQFF	1
CASSYGDRWPGYTF	1
CASSYGTTTDTQYF	1
CASSYEGAAGNTIYF	1
CASSYETGGYEQYF	1
CASSYIRQIANSPLHF	1
CASSYTPPGVAGAYEQYF	1
CASSYRTGEDGYTF	1
CASSLWLDQPQHF	1
CASSLLFGMNTEAFF	1
CASSPPTTYGAEQYF	1
CASSPGTGIGNTIYF	1
CASSPSGLGGYTF	1
CASSPLRNTEAFF	1
CASSPQGGDNQPQHF	1
CASSPALGGRGTQYF	1
CASSPPGQGDNEQFF	1
CASSPRGWGYGYTF	1
CASSPGVGLDGYTF	1
CASSPGTSDYTGELFF	1
CASSPGLVTDTQYF	1
CASSPTGTGVNEQFF	1
CASSPAQGGTGELFF	1
CASSPGLAGRNEQFF	1
CASSRWGNYGYTF	1
CASSRDRVYGYTF	1
CASSRLRLTDTQYF	1
CASSRTSGRPGNTQYF	1
CASSHRLGNNEQFF	1
CASSHRARKQFF	1
CASSHGQGTRYEQYF	1
CASSQYGQPVNSPLHF	1
CASSQLRTGATYNEQFF	1
CASSQKQETQYF	1
CASSVPGGSPYNEQFF	1
CASSVSRTGTYSNQPQHF	1
CASSVRGGYNEQFF	1
CASSVTGTGGSDEQFF	1
CASSAPPGPSVYEQYF	1
CASSAWGQGKKETQYF	1
CASSGRTQYF	1
CASSGQGPRGNTIYF	1
CASSGQGGGTDTQYF	1
CASSGGFEEHQPQHF	1
CASSGTSGSHSYNEQFF	1
CASSGLAGGPSSYNEQFF	1
CASSDRTFYNEQFF	1
CASSDFERDEQFF	1
CASSDLGGRGYNEQFF	1
CASSDSETGELFF	1
CASSDSAAGGNEQFF	1
CASSDRGGNNQPQHF	1
CASSDASSYTGELFF	1
CASSDGLFTGELFF	1
CASSDGTDSTDTQYF	1
CASSDELKWSYNEQFF	1
CASSEGDRGPNEQFF	1
CASSEIRLGGYTF	1
CASSESSGRVDTQYF	1
CASSEAPGQGAEKLFF	1
CASSEGEQFF	1
CASSETSGGSNEQFF	1
CASSETRGTSGRFTEQFF	1
CASSETQGNSPSTDTQYF	1
CASSETGGSDTQYF	1
CASSIWGVSYNEQFF	1
CASSTINAREETQYF	1
CASSTSGSSGANVLTF	1
CASSTLGDRADYGYTF	1
CASSTGPEQFF	1
CASSTGIGGRLGNEQFF	1
CASSTGPNYGYTF	1
CASSTTGNYEQYF	1
CASSTGSNTEAFF	1
CASSSAGTVNNEQFF	1
CASSNRGSGEKLFF	1
CASSKTYNEQFF	1
CASSKQAGGNTGELFF	1
CASSKGTEFHQPQHF	1
CASSFFDESSTEAFF	1
CASSFLPGSSYNEQFF	1
CASSFPSGREDEQFF	1
CASSFRDREETQYF	1
CASSFRVAGNQETQYF	1
CASSFGQLNTDTQYF	1
CASSFDTPTVNSYNEQFF	1
CASSFIGQGNYGYTF	1
CASSFMADTQYF	1
CASSFSAYNEQFF	1
CASSFSGSRQDTQYF	1
CASSFNRGKETQYF	1
CASSFSDGYNEQFF	1
CASSFSGLADQETQYF	1
CASSFWEANTGELFF	1
CASSFPQGGAYEQYF	1
CASSFRDRGYGYTF	1
CASSFQGTDTQYF	1
CASSFGSLYEQYF	1
CASSFGLLNEKLFF	1
CASSFGQGGKTQYF	1
CASSFDGKEYNEQFF	1
CASSFDRGSYNEQFF	1
CASSFIRSSSYEQYF	1
CASSLSSGAMGNEQFF	1
CASSLSQEVPSPLHF	1
CASSLYVAGDTDTQYF	1
CASSLLGQGYGYTF	1
CASSLLDRLNTEAFF	1
CASSLVGGTGANVLTF	1
CASSLVLASSYNEQFF	1
CASSLGGLGVKQFF	1
CASSLGNTEAFF	1
CASSLGVGTTTTEAFF	1
CASSLGSDYGYTF	1
CASSLGPTGELFF	1
CASSLGQFSGNTIYF	1
CASSLDTGTGKYGYTF	1
CASSLDGGGGLDTQYF	1
CASSLDRSNSPLHF	1
CASSLDRLLHGYTF	1
CASSLTADQDEQFF	1
CASSLTGGGTEAFF	1
CASSLFQGEYEQYF	1
CASSLLWLAERYNEQFF	1
CASSLLAGVTDTQYF	1
CASSLLNTGELFF	1
CASSLSPDSPGDEQFF	1
CASSLSPAPYYEQYF	1
CASSLSSASSGNTIYF	1
CASSLSRLAGGLNEQFF	1
CASSLWQGTAQPQHF	1
CASSLWGSIQFF	1
CASSLWDRPYNEQFF	1
CASSLYGQGINGYTF	1
CASSLLPAGGSDTQYF	1
CASSLPMSTEAFF	1
CASSLRSGNTDTQYF	1
CASSLHREQYF	1
CASSLHQGRANYGYTF	1
CASSLVWGRAGELFF	1
CASSLVPGIGETQYF	1
CASSLVAGLSNQPQHF	1
CASSLVGDRGYGYTF	1
CASSLVEETQYF	1
CASSLVILGTHEDNEQFF	1
CASSLVREEQPQHF	1
CASSLVRTANEQFF	1
CASSLVAGVYTF	1
CASSLVGGNQPQHF	1
CASSLVGDGRYNEQFF	1
CASSLVTGGDQETQYF	1
CASSLVWDFNEQYF	1
CASSLVQARGRETQYF	1
CASSLVGGTHTDTQYF	1
CASSLVGGGDQPQHF	1
CASSLAPLISYEQYF	1
CASSLAYRTDKNIQYF	1
CASSLALLYGYTF	1
CASSLAPSGGRNQPQHF	1
CASSLARTGGYTF	1
CASSLARGEPTGELFF	1
CASSLAREENIQYF	1
CASSLAAASYEQYF	1
CASSLAGYEQYF	1
CASSLAGRDNEQFF	1
CASSLAGLAGYEQYF	1
CASSLAGGENNEQFF	1
CASSLADQSYEQYF	1
CASSLAIPVPGLAGSSYNEQFF	1
CASSLAIGPLNTEAFF	1
CASSLATSGSTDTQYF	1
CASSLAKQVYGELFF	1
CASSLARRNEQFF	1
CASSLAATSTDTQYF	1
CASSLAGIDYGYTF	1
CASSLAGIRNQPQHF	1
CASSLGLGGTNTGELFF	1
CASSLGLGDLGYGYTF	1
CASSLGGAGQETQYF	1
CASSLGDRGTYYSYNEQFF	1
CASSLGSEIGETQYF	1
CASSLGPTRAGELFF	1
CASSLGATGELFF	1
CASSLGGRNNNEQFF	1
CASSLGPNTEAFF	1
CASSLGAHRDVNEQFF	1
CASSLGDSEYNEQFF	1
CASSLGTVGEETQYF	1
CASSLGTANTGELFF	1
CASSLGWATVYEQYF	1
CASSLGLAGDQETQYF	1
CASSLGPPGYNSPLHF	1
CASSLGQGSNTEAFF	1
CASSLGQGVNNEQFF	1
CASSLGQGNTEAFF	1
CASSLGGQGATGELFF	1
CASSLGDRVGTEAFF	1
CASSLGTSGYEQYF	1
CASSLDLGNNEQFF	1
CASSLDHVETQYF	1
CASSLDGYQPQHF	1
CASSLDTFGEQYF	1
CASSLDPGSGANVLTF	1
CASSLDRIAAFF	1
CASSLDHSPPGGRADTQYF	1
CASSLDVTGYYGYTF	1
CASSLDASRMGLNTEAFF	1
CASSLDGGKNIQYF	1
CASSLDRAGGYTF	1
CASSLDREETQYF	1
CASSLDNEQFF	1
CASSLELSGSYEQYF	1
CASSLEGTPYNEQFF	1
CASSLEGAGSYEQYF	1
CASSLEGSGLTQYF	1
CASSLETNTQFF	1
CASSLERGTGTGELFF	1
CASSLEYSGDTQYF	1
CASSLELAGAETQYF	1
CASSLEAGVWDEQFF	1
CASSLEGILQPHNEQFF	1
CASSLEIVGNQPQHF	1
CASSLIGEYGYTF	1
CASSLIRGAYNEQFF	1
CASSLIESPDGYTF	1
CASSLIPNEQFF	1
CASSLTRPRNNEQFF	1
CASSLTRDSPPYF	1
CASSLTVDPEKLFF	1
CASSLTGHTEAFF	1
CASSLTGGNQETQYF	1
CASSLSSSGPGELFF	1
CASSLSSYSYEQYF	1
CASSLSRGRETQYF	1
CASSLRRGADPIYNEQFF	1
CASSLRQGNQPQHF	1
CASSLRAGESYNEQFF	1
CASSLRGTSGSIRQETQYF	1
CASSLRGQGRLVYEQYF	1
CASSLRRTPQAKTQYF	1
CASSLRQGSMGGYTF	1
CASSLRAGGQFF	1
CASSLNPGGTLHF	1
CASSLKEKQGFGSNEQFF	1
CASSSSSGPLYNEQFF	1
CASSSGGNAGELFF	1
CASSSGTEGWTEAFF	1
CASSSLPFPGELFF	1
CASSSYRDFYEQYF	1
CASSSLSGGPNTGELFF	1
CASSSPGRTYNSPLHF	1
CASSSPTGMNTEAFF	1
CASSSRDRGLMALTDTQYF	1
CASSSQGPPQYF	1
CASSSQKGYEQYF	1
CASSSAGALLEQYF	1
CASSSGGLAKNIQYF	1
CASSSGGRGIEQFF	1
CASSSGLAGATGELFF	1
CASSSDRGKYNEQFF	1
CASSSEESYEQYF	1
CASSSIGRTKETQYF	1
CASSSTGSEQYF	1
CASSSTDRANQHF	1
CASSSRGVDNEQFF	1
CASSSRLAGGDNEQFF	1
CASSSSYGGQEYNEQFF	1
CASSSWAVDNEQFF	1
CASSSWGWIRAIEETQYF	1
CASSSLAQETQYF	1
CASSSPDRGLRETQYF	1
CASSSAGQGKKAYNEQFF	1
CASSSGSGLAKNIQYF	1
CASSSGLAGVPSHNEQFF	1
CASSSGQLGPVNTEAFF	1
CASSSGQSSYNEQFF	1
CASSSIPGLARELFF	1
CASSSTGSSSYEQYF	1
CASSSLGQGAQYF	1
CASSSHLGGELFF	1
CASSSGPGETQYF	1
CASSSGGGYGYTF	1
CASSSDGSYEQYF	1
CASSSMTSGSAKFF	1
CASSSTGQGFGEQYF	1
CASSSTGNVHEQYF	1
CASSSRVDSPLHF	1
CASSSRMNTEAFF	1
CASSWADTQYF	1
CASSWEPENYGYTF	1
CASSWEGANTEAFF	1
CASSYPPGQAHNEQFF	1
CASSYRTGGDQPQHF	1
CASSYARDFYEQYF	1
CASSYRGALSTDTQYF	1
CASSLGWSSYNEQFF	1
CASSLLGGSPRETQYF	1
CASSLPTGLAGSYEQYF	1
CASSLPTGTYEQYF	1
CASSLGGSSYNSPLHF	1
CASSLRGINEQFF	1
CASSLRQENTEAFF	1
CASSLNTEAFF	1
CASSLLLAASYNEQFF	1
CASSLRGGGTEAFF	1
CASSLTGGASEKLFF	1
CASSLYTRGGRSGELFF	1
CASSLLRGGLVPHNEQFF	1
CASSLQGANTGELFF	1
CASSLGGTPVGEQFF	1
CASSLGQGHTEAFF	1
CASSLDRNQPQHF	1
CASSLEFSGNTIYF	1
CASSPRGGYTF	1
CASSPRETQYF	1
CASSPQLRAGEQYF	1
CASSPQGGTQYF	1
CASSPGQGRTEAFF	1
CASSPELRREQYF	1
CASSPTYHGTSGGAAETQYF	1
CASSPTLDRGKETQYF	1
CASSPSGSSYNEQFF	1
CASSPKTAEQFF	1
CASSPYPGQLNSPLHF	1
CASSPLGLAGSYEQYF	1
CASSPPSGSSYEQYF	1
CASSPPAGEKLFF	1
CASSPPGLKYNEQFF	1
CASSPPSSYNSPLHF	1
CASSPPSLLARADTQYF	1
CASSPRGLAGRTDTQYF	1
CASSPQGPETQYF	1
CASSPVGTHASGNTIYF	1
CASSPGEKGEQYF	1
CASSPGPGLVNTGELFF	1
CASSPGGVSYNEQFF	1
CASSPGLAGGTGELFF	1
CASSPDSETQYF	1
CASSPDSSSNYGYTF	1
CASSPDLGSNQPQHF	1
CASSPDRGDEKLFF	1
CASSPDRDYEQYF	1
CASSPMWTGLGEQFF	1
CASSPRISGSFYF	1
CASSPRQGPSSYNSPLHF	1
CASSPNYPDSRAFF	1
CASSPNLVGGKEYGYTF	1
CASSPNMYEQYF	1
CASSPSSYEQYF	1
CASSPSDRTGELFF	1
CASSPLAGEGETQYF	1
CASSPPGLGPLGGNNEQFF	1
CASSPPDSTDTQYF	1
CASSPPRTTLRTDTQYF	1
CASSPQGDTEAFF	1
CASSPGGGQSYNEQFF	1
CASSPGQGGGTEAFF	1
CASSPDNSYEQYF	1
CASSPEPGLIVEAFF	1
CASSPTAGTQYF	1
CASSPTGSTNYEQYF	1
CASSPSPGPNQPQHF	1
CASSPRVHNEQFF	1
CASSPLILAGDNEQFF	1
CASSPLQGGSTGELFF	1
CASSPHTGELFF	1
CASSPHGGRGGGTDTQYF	1
CASSPQGGGASTEAFF	1
CASSPGSDFTDTQYF	1
CASSPGLAGFTDTQYF	1
CASSPGLAGGSGGDEQFF	1
CASSPMGGTTSYEQYF	1
CASSPILSQRTDTQYF	1
CASSPTREETQYF	1
CASSPRGKEPDTQYF	1
CASSPREPRTQSGNTIYF	1
CASSPNGNGELFF	1
CASSPNTGDRDQPQHF	1
CASSPKDRGFSSPLHF	1
CASSRTAGGVSYNEQFF	1
CASSRTQASYNEQFF	1
CASSRTGVGSSYNSPLHF	1
CASSRSWTGELFF	1
CASSRLWDRVEEAFF	1
CASSRQTVQETQYF	1
CASSRWTPLVFF	1
CASSRGRDTQYF	1
CASSRGGLGGFSTDTQYF	1
CASSRGQTNTGELFF	1
CASSRDVLGQYF	1
CASSRDGRNNQPQHF	1
CASSRDRYEQYF	1
CASSREDVVYEQYF	1
CASSRSATGGNEQFF	1
CASSRQYSYEQYF	1
CASSRQGTDTQYF	1
CASSRGIRLSGNTIYF	1
CASSRGLTSTDTQYF	1
CASSRRRTRTYNEQFF	1
CASSHPGGVYNEQFF	1
CASSHRRAEAFF	1
CASSHNLRPGSYNSPLHF	1
CASSHLLSGRTDTQYF	1
CASSHQLAANTGELFF	1
CASSHGLADNEQFF	1
CASSQAAGGLTDTQYF	1
CASSQGRETEAFF	1
CASSQDPRGADTQYF	1
CASSQTSGKQFF	1
CASSQTGDNEQFF	1
CASSQRGTDTQYF	1
CASSQVLVDQKLFF	1
CASSQVGGTSGKGSYNEQFF	1
CASSQVSNIAKNIQYF	1
CASSQVWGMITGELFF	1
CASSQVVVAGGPGEQFF	1
CASSQGFSTAGETQYF	1
CASSQGQDGGGYNEQFF	1
CASSQGGQWGMVQFF	1
CASSQGTEDNSPLHF	1
CASSQGWRGGFSSSYNEQFF	1
CASSQGQNTEAFF	1
CASSQGQHNEQFF	1
CASSQGGGTEAFF	1
CASSQDWVSLAPQHF	1
CASSQDAAGGTSSSYEQYF	1
CASSQDDSSGANVLTF	1
CASSQEAVTEAFF	1
CASSQEGQPTGGQFF	1
CASSQTGQRYNEQFF	1
CASSQRRRGLGYTF	1
CASSQNFGLAGGNTGELFF	1
CASSVGPSGRIYEQFF	1
CASSVTWVTGELFF	1
CASSVGTVHSTDTQYF	1
CASSVRQADTQYF	1
CASSVGLEETQYF	1
CASSVTSGTGDTQYF	1
CASSVSRTGLDTQYF	1
CASSVGGTQNNEQFF	1
CASSVGVDRSYGYTF	1
CASSVGTGGPEAFF	1
CASSVGGTNEQFF	1
CASSVGDTDTQYF	1
CASSVEPGETQYF	1
CASSVTGKDTQYF	1
CASSASGGVADTQYF	1
CASSAGTSVRGEQYF	1
CASSAGTSGVNQETQYF	1
CASSAGRVQETQYF	1
CASSATGETYNEQFF	1
CASSATGNEQFF	1
CASSARGSHTWYNEQFF	1
CASSANGQKGRQYF	1
CASSAFLAAQETQYF	1
CASSADAIYQETQYF	1
CASSANRVASTNEKLFF	1
CASSGPGVGYEQYF	1
CASSGGGTANTGELFF	1
CASSGIVFDPEETQYF	1
CASSGSGSSTDTQYF	1
CASSGLWGSEQFF	1
CASSGKTPLDNSPLHF	1
CASSDGTGMRIATNEKLFF	1
CASSDGTEYTTGELFF	1
CASSEGGARETQYF	1
CASSETGTGPSPLHF	1
CASSESTGFEQFF	1
CASSERRLAGGETQYF	1
CASSIGFEQFF	1
CASSIPGTSGTYEQYF	1
CASSIGGYEQYF	1
CASSMVSYNEQFF	1
CASSMKGVNTEAFF	1
CASSIGRLAEKGDEQFF	1
CASSINRTGLAYEQYF	1
CASSTRPQGEGTQYF	1
CASSTLGGWVTQYF	1
CASSTRGQSSYNEQFF	1
CASSTREAWATQETQYF	1
CASSTQGGSGNTIYF	1
CASSTGQVEQYF	1
CASSTRRDTQYF	1
CASSTKGIGPYNEQFF	1
CASSTRDRGADTQYF	1
CASSTAGLAGGHGGTDTQYF	1
CASSTGPYNEQFF	1
CASSTGVRGYTF	1
CASSTGDQETQYF	1
CASSTGTGGEDTQYF	1
CASSTTRTSGELFF	1
CASSTHSYNEQFF	1
CASSTGSSYNEQFF	1
CASSTIPGPTTDTEAFF	1
CASSTRTSGGFQYF	1
CASSSTSGRALETQYF	1
CASSRIRSAYEQYF	1
CASSRRGREAFF	1
CASSRGGGGYGYTF	1
CASSREGLAGNTGELFF	1
CASSNRLSPFSYEQYF	1
CASSNPNRGLLSGANVLTF	1
CASSNRDRGPNEQFF	1
CASSNNRGGEQFF	1
CASSKAVNTEAFF	1
CASSKDSNYGYTF	1
CASSKTGEYTEAFF	1
CASSKRTTNTGELFF	1
CASSKLAGALTSSYNEQFF	1
CASSKVGLAYEQYF	1
CASSKGDFEQFF	1
CASSKEQPLAGRLWGTNEQFF	1
CASSKNLAKNIQYF	1
CASRSTGTGELFF	1
CASRWTSGDTGELFF	1
CASRLQGAGLEAFF	1
CASRLIAGQTYNEQFF	1
CASRPLDRNTEAFF	1
CASRPLERGYTF	1
CASRPRDRVEQFF	1
CASRVGTPNQPQHF	1
CASRAQGATEAFF	1
CASRASNSPLHF	1
CASRAAYNEQFF	1
CASRATVNTEAFF	1
CASRASRTVWVETQYF	1
CASRAGAYEQYF	1
CASRGTSGSNEQFF	1
CASRGLADNEQFF	1
CASRDDSEAFF	1
CASRDSFPLLGKAFF	1
CASREGTEETQYF	1
CASRTGGGGNYGYTF	1
CASRTTSGTGVYGYTF	1
CASRSGGIAKNIQYF	1
CASRKTNRPWGAFF	1
CASRKLASGNYEQYF	1
CASRFYNEQFF	1
CASRWGQGPTYEQYF	1
CASRYWTAYNEQFF	1
CASRLSDAYEQYF	1
CASRLESSYNEQFF	1
CASRLAIPDTQYF	1
CASRLILGDGYTF	1
CASRPKSVGRWRESYSPLHF	1
CASRPGQGGNEQFF	1
CASRRGSAVSYEQYF	1
CASRHLVEDHLHF	1
CASRHEQGAGEAFF	1
CASRQILYGYTF	1
CASRQPDAAGGTDTQYF	1
CASRAVGRGTEAFF	1
CASRAAGAGGTDTQYF	1
CASRDPSFQITGELFF	1
CASRDRANYGYTF	1
CASREESTDTQYF	1
CASRTGQGDDEQFF	1
CASRKREFRCEQFF	1
CASRKRRRGERTYEQYF	1
CASNSWTGVSSNEQFF	1
CASNREGQPQHF	1
CASKWDREAYEQYF	1
CASKLGRNTDTQYF	1
CASKPDRGRDTQYF	1
CASKDSDSPLHF	1
CARSLILAETGTEASYEQYF	1
CARNTGRCPFPEAFF	1
CAHRGTGQETQYF	1
CAVAGGVYNEQFF	1
CASRLRQANSPLHF	1
CASRLGDRGLDTQYF	1
CASRSKLGAWEGGSQPQHF	1
CASRLTWRQHNYGYTF	1
CATSSGGQYGYTF	1
CATPKDPAGAFRSYNEQFF	1
CASRDREDYGYTF	1
CASTSSPVTSNQPQHF	1
CASTTHRGNTGELFF	1
CASSFVPGLQSYNEQFF	1
CASSQSRGTRTAPNYGYTF	1
CASSASVAGGAYSPLHF	1
CASSESGFNQPQHF	1
CASSESGVNQPQHF	1
CASSFSGEGYTF	1
CASSFGSPQTNEQFF	1
CASSLSWQSYNEQFF	1
CASSLSGEAYEQYF	1
CASSLSGKDTIYF	1
CASSLVAGANNEQFF	1
CASSLVGTPKDTQYF	1
CASSLAVLGEQYF	1
CASSLAGLVSNEQFF	1
CASSLGSGDVNYGYTF	1
CASSLGLVGNEQFF	1
CASSLGSGVNTDTQYF	1
CASSLGPGQGLHEQYF	1
CASSLGVGGYQPQHF	1
CASSLGQGGPYEQYF	1
CASSLDARGKQFF	1
CASSLDRGRLGYTF	1
CASSLEYGVYEQYF	1
CASSLTPGVVGTEQFF	1
CASSLTLQGNSPLHF	1
CASSSSDRGGTEAFF	1
CASSSGQGDWETQYF	1
CASSSQILGSYNEQFF	1
CASSSAYQGEQFF	1
CASSSTEIYGYTF	1
CASSLRTGGYEQYF	1
CASSLGQGYGYTF	1
CASSLTGQDLYEQYF	1
CASSPSIGQGSDTQYF	1
CASSPPIPTFAGYTF	1
CASSPRGGEEGGELFF	1
CASSPRDRNEKLFF	1
CASSPGTGETEAFF	1
CASSPGLAEQFF	1
CASSPMFGTGGNYGYTF	1
CASSPRWLDTQYF	1
CASSPHSLTGTGGYEQYF	1
CASSPQAGENEQFF	1
CASSPRLGELFF	1
CASSPQTGDNEQFF	1
CASSPGRNYEQYF	1
CASSHARDTEAFF	1
CASSHATSGRWNEQFF	1
CASSHHTGEATNEKLFF	1
CASSHGAPRNQPQHF	1
CASSQYNEQFF	1
CASSQDAYRDGPSEQFF	1
CASSQDHSGNTIYF	1
CASSQDRASHEQYF	1
CASSQERVDTEAFF	1
CASSQLGQRLYGYTF	1
CASSQSILNEQFF	1
CASSQYYEQYF	1
CASSQRMKNGDEQFF	1
CASSQQTGTGGTDTQYF	1
CASSQQTGNHEAFF	1
CASSQVPTRVEEAFF	1
CASSQVGQGHSPLHF	1
CASSQVAQGGGYTF	1
CASSQVSQADTQYF	1
CASSQVGGTEAFF	1
CASSQAQALSYNEQFF	1
CASSQASLASYEQYF	1
CASSQAWVGGNQPQHF	1
CASSQAVADTDTQYF	1
CASSQGLSALSSYNEQFF	1
CASSQGPGYGYTF	1
CASSQGRLAARQIPKLTYEQYF	1
CASSQGGQGHEQYF	1
CASSQGLAGRDTGELFF	1
CASSQGVGQGADVTFF	1
CASSQGAGGRNTEAFF	1
CASSQGDDQPQHF	1
CASSQGRASWVTDTQYF	1
CASSQGRAFGNEQFF	1
CASSQGDRGFAYEQYF	1
CASSQGNRDSGNTIYF	1
CASSQDFPGGNQPQHF	1
CASSQDLAAGGRETQYF	1
CASSQDWRAGTGYGYTF	1
CASSQDLRRWGNYGYTF	1
CASSQDLIETSGISYEQYF	1
CASSQDLFVRVTF	1
CASSQDQGTGLGEQFF	1
CASSQDVSRGRNQPQHF	1
CASSQDVAGPRYGYTF	1
CASSQDVGNQPQHF	1
CASSQDVSGNTIYF	1
CASSQDALAGYEQYF	1
CASSQDAGGNPLHF	1
CASSQDGTSSAGELFF	1
CASSQDGLVGLAGGPNTYEQFF	1
CASSQDGGTTYAYNSPLHF	1
CASSQDIVRPSGYQETQYF	1
CASSQDSSWGVNTEAFF	1
CASSQDSGAYGELFF	1
CASSQDRLAATYNEQFF	1
CASSQDRGRLYGYTF	1
CASSQDREGYYGYTF	1
CASSQDRASGNTIYF	1
CASSQEPGADTGELFF	1
CASSQETGMPQHF	1
CASSQETSGSSGQFF	1
CASSQETGEATEAFF	1
CASSQERTLNTEAFF	1
CASSQEFRGLREKLFF	1
CASSQESSASWGETQYF	1
CASSQEPLKSGELFF	1
CASSQEDGYEQYF	1
CASSQIRTGQETQYF	1
CASSQTTTHRITNEKLFF	1
CASSQTTGGIYEQYF	1
CASSQRFGGRSGNTIYF	1
CASSVGQGPYNEQFF	1
CASSAGQLNTEAFF	1
CASSADGANYGYTF	1
CASSDGQGGNEQFF	1
CASSEVGALAKNIQYF	1
CASSRNPAGPPGDGYTF	1
CASNNPGGRAINEQFF	1
CASKERGKRALDTQYF	1
CARQFGTDTQYF	1
CTSGPMADTQYF	1
CTPAGGRSPAASTDTQYF	1
CTDGTGNTEAFF	1
CSVPGLGPETQYF	1
CSVPDRGGPEAFF	1
CSVMEWGPEQFF	1
CSVRGRGETQYF	1
CSVRELPGLYEQYF	1
CSAFTTGPRSEAFF	1
CSACPLAGPLYEQYF	1
CSAYRTGFLKNIQYF	1
CSALPHAGTQETQYF	1
CSALSSTDTQYF	1
CSAPGQTSNIQYF	1
CSAPTTDTQYF	1
CSAPPSGNTIYF	1
CSAPPGLLGEEGYGYTF	1
CSARLQGNEAFF	1
CSARPLGRQMNTEAFF	1
CSARSRSSYNEQFF	1
CSARGGGGSYNEQFF	1
CSAHVLGNRYTF	1
CSAHAGSGQETQYF	1
CSAHTGDGYTF	1
CSAQYSNQPQHF	1
CSAVHYPHEQYF	1
CSAAGGIETAYEQYF	1
CSAAGTIAKNIQYF	1
CSAAGQGSSYEQYF	1
CSAGVSTQYF	1
CSAGPNTQYF	1
CSAEVGGPVNTGELFF	1
CSAIGTSGTDTQYF	1
CSAMGGKINSPLHF	1
CSAMEFSLPPQHF	1
CSAMTGAYYGYTF	1
CSATSSLSQHF	1
CSATDRGYTQYF	1
CSATTGQGYYGYTF	1
CSASFRGVQPQHF	1
CSASSTGGHEQFF	1
CSASRAGSSVYEQYF	1
CSASRRLAGVGVEQFF	1
CSASQESEQFF	1
CSASAGESYEQYF	1
CSASDLRTSGGSYNEQFF	1
CSASSSGNQPQHF	1
CSASSGYNQPQHF	1
CSASWQQETQYF	1
CSASYRGTGNTIYF	1
CSASPPALRTDTQYF	1
CSASPRVGRQPQHF	1
CSASATGLAEDEQFF	1
CSASGGPGETQYF	1
CSASGQGVGGYSNQPQHF	1
CSASTPGDRGRETQYF	1
CSARLGQSSYNSPLHF	1
CSARWRANEQFF	1
CSARVPGGTEAFF	1
CSARVAGAVNQPQHF	1
CSARGLADTQYF	1
CSARTVDNYGYTF	1
CSARRDTGYNEQFF	1
CSARNPPGDADEQFF	1
CSARNGLGSYNSPLHF	1
CSARNRGASSYNEQFF	1
CSARSRDSYGYTF	1
CSARSHSQGEQFF	1
CSARSSGRTDTQYF	1
CSARSFEGSNQPQHF	1
CSARSRDPLPLGEQFF	1
CSARSDREEQYF	1
CSARSETGAPNQPQHF	1
CSARYRGQFNYGYTF	1
CSARLSDQPQHF	1
CSARPVYMNTEAFF	1
CSARRTNTEAFF	1
CSARVGTEVF	1
CSARVSGTYEQYF	1
CSARVRGGTDTQYF	1
CSARAPGLGEQYF	1
CSARAPGVGRSYEQYF	1
CSARAVSPLNYGYTF	1
CSARAVQGTGNTIYF	1
CSARAGQGVSRYGYTF	1
CSARAPGLADNEQFF	1
CSARAQGNYGYTF	1
CSARGWGQLYNEQFF	1
CSARGGIPETQYF	1
CSARGGTGGDYEQYF	1
CSARGGGDVPEQFF	1
CSARGPNTGELFF	1
CSARGPGGDGPQHF	1
CSARGTSGGEAYEQYF	1
CSARGGLAGLTDTQYF	1
CSARDSYTRREQYF	1
CSARDSWVASEAFF	1
CSARDLQARRTYEQYF	1
CSARDPDSPLHF	1
CSARDPGSGQPQHF	1
CSARDRANYGYTF	1
CSARDRYSGRAIYYEQYF	1
CSARDQTSGDTDTQYF	1
CSARDVQGPSYEQYF	1
CSARDAQGASGYNEQFF	1
CSARDAQGANSPLHF	1
CSARDADVAYNEQFF	1
CSARDGGVAGGPRTDTQYF	1
CSARDIPAFDSYNSPLHF	1
CSARDMLYGYTF	1
CSARDILSGETQYF	1
CSAREQEIHYEQYF	1
CSAREVPESEAFF	1
CSAREGSSRSNQPQHF	1
CSARESGPLDTQYF	1
CSAREVGIYEQYF	1
CSARTGLESQHF	1
CSARTTSGNTIYF	1
CSARSADTQYF	1
CSARRTNSYEQYF	1
CSARRVGDTEAFF	1
CSARNDRVEQPQHF	1
CSARKDRGGYEQYF	1
CSANPWGGSETQYF	1
CSANPDSTLNEQFF	1
CSANNRDRGYNEQFF	1
CSANRGSIEAFF	1
CSAKERLAGGYDEQFF	1
CSAKTGTGSTDTQYF	1
CSALYRQAGNTIYF	1
CSASRGTETLAGEGNEQFF	1
CSASPGRGGSYNEQFF	1
CSASMSSSTEAFF	1
CSAPIHPYTDTQYF	1
CSAQKPTGGYTF	1
CSAVPGGTPDTTNEKLFF	1
CSAASWSQETQYF	1
CSAGWRAVRTDTQYF	1
CSADVRVGKGYTF	1
CSAENLGQPNQPQHF	1
CSAILAGTSYEQYF	1
CSATGQAQPQHF	1
CSATTRRGGDEQFF	1
CSARPSVF	1
CSARPGTGGYSPLHF	1
CSANRGTGSPYEQYF	1
CSAKWTGGTEAFF	1
CSAKMAYNEQFF	1
CSAKARGNYGYTF	1
CSAWTSGFNEQFF	1
CSAVAAQRGTDTQYF	1
CSAPSGTDTQYF	1
CSARRGAILAGGLHEQFF	1
CSAQDSNYEQYF	1
CSAAGQGGFSDTQYF	1
CSAIQGSYEQYF	1
CSATERLNEKLFF	1
CSARRLAGGTGELFF	1
CSARTGNSPLHF	1
CSANGPGWTLHF	1
CSGTQGANYGYTF	1
CSGGRSYNEQFF	1
CSGRLAGGFPSYEQYF	1
CSETKRETQYF	1
CSETSGPGNEQFF	1
CSTTGGRMIEQFF	1
CSPMPGGMNTEAFF	1
CSVLGRAGDGYTF	1
CSVSAGGNEQFF	1
CSVLQGYNEQFF	1
CSVRSSAGSGYTF	1
CSVRLALDYNEQFF	1
CSVQGLNTEAFF	1
CSVVSTSSVYGYTF	1
CSVVPGGTGNEQFF	1
CSVVPSRNEQFF	1
CSVVGRPNNEQFF	1
CSVVREGRVDTQYF	1
CSVVGQGATEAFF	1
CSVVRLAGAQETQYF	1
CSVVRSGMGGELFF	1
CSVALTGNTEAFF	1
CSVASSGLYNEQFF	1
CSVARDRGYGYTF	1
CSVAAGTNSPLHF	1
CSVADRGENTIYF	1
CSVAGAYNEQFF	1
CSVGDPRSSYNEQFF	1
CSVGSASSYEQYF	1
CSVGRGEETQYF	1
CSVGQSLAGDFNEQFF	1
CSVGASGTYEQYF	1
CSVGGSGSSYNEQFF	1
CSVGVGMTGNTIYF	1
CSVGGNYEQYF	1
CSVGTTLGHLTSGTYNEQFF	1
CSVDLVGASGYTF	1
CSVDVTGAYEQYF	1
CSVDAALGGYTF	1
CSVDGSDTQYF	1
CSVDGGRTGQGRTGELFF	1
CSVDGGVRTDTQYF	1
CSVDRTGGTEAFF	1
CSVDRYNEQFF	1
CSVDKVGQNIQYF	1
CSVDFGQEPGPISTDTQYF	1
CSVDSSTDTQYF	1
CSVDSRSDEQFF	1
CSVDPAGEPNNEQFF	1
CSVEQGWNTGELFF	1
CSVEGTSGTYEQYF	1
CSVELGQTSSGRRSSVREQFF	1
CSVESGDRGLGETQYF	1
CSVEWTGWAEAFF	1
CSVELESSYEQYF	1
CSVEPQDRGTYNEQFF	1
CSVEVGSGSNQPQHF	1
CSVEAGSSYNEQFF	1
CSVEGVAGGNYEQYF	1
CSVEGAGGIEAFF	1
CSVEDLGAGGGTDTQYF	1
CSVEDPDRSSYNEQFF	1
CSVEDQGAHEQYF	1
CSVEDGRGGKQFF	1
CSVEDIGTGVYRTEAFF	1
CSVEELTSGYNEQFF	1
CSVERPHLAGVSNNEQFF	1
CSVTTNNEQFF	1
CSVSGQANTEAFF	1
CSVNIGVRGLTEAFF	1
CSVKKLSSGANVLTF	1
CSVRDRGRQETQYF	1
CSVQGAIGQPQHF	1
CSVQDRGYNEQFF	1
CSVANRITSYGYTF	1
CSVALLAGVSLEQYF	1
CSVAWGETQYF	1
CSVAGELLAGGVGSNEQFF	1
CSVGLADYNEQFF	1
CSVITTSYEQYF	1
CSVALRQGQEFF	1
CSVGDRANSPLHF	1
CSVGTSGGDEQYF	1
CSVGQGFLYQETQYF	1
CSVENRGNTEAFF	1
CSVIAVNYGYTF	1
CSAPRGVEAFF	1
CSAQRSGEKLFF	1
CSARVQVDNEQFF	1
CSAYRVGPEAFF	1
CSAPHPEQDYEQYF	1
CSATGRLETQYF	1
CSAYRAVGYTF	1
CSANENTGELFF	1
CSGTQGASGNYGYTF	1
CSGVDRFVDTEAFF	1
CSGQTGIRETQYF	1
CSGAQATFQETQYF	1
CSGNPGGEQFF	1
CSDDPTSGRYNEQFF	1
CSELEGHGNEQFF	1
CSTKEGERYGYTF	1
CRVVPSRGGEAFF	1
CRADRGRETQYF	1
